id,name,rarity,url
2,Work Jeans,Common,https://unturneditems.com/work-jeans
3,Orange Hoodie,Common,https://unturneditems.com/orange-hoodie
4,Eaglefire,Rare,https://unturneditems.com/eaglefire
5,Eaglefire Iron Sights,Common,https://unturneditems.com/eaglefire-iron-sights
6,Military Magazine,Rare,https://unturneditems.com/military-magazine
7,Military Suppressor,Epic,https://unturneditems.com/military-suppressor
8,Vertical Grip,Rare,https://unturneditems.com/vertical-grip
9,Red Daypack,Common,https://unturneditems.com/daypack
10,Police Vest,Rare,https://unturneditems.com/police-vest
11,Red Bandana,Common,https://unturneditems.com/bandana
13,Canned Beans,Common,https://unturneditems.com/canned-beans
14,Bottled Water,Common,https://unturneditems.com/bottled-water
15,Medkit,Legendary,https://unturneditems.com/medkit
16,Camp Axe,Common,https://unturneditems.com/camp-axe
17,Military Drum,Epic,https://unturneditems.com/military-drum
18,Timberwolf,Legendary,https://unturneditems.com/timberwolf
19,Timberwolf Iron Sights,Common,https://unturneditems.com/timberwolf-iron-sights
20,Timberwolf Magazine,Legendary,https://unturneditems.com/timberwolf-magazine
21,8x Scope,Rare,https://unturneditems.com/8x-scope
22,Red Cross Scope,Uncommon,https://unturneditems.com/red-cross-scope
27,Tophat,Common,https://unturneditems.com/tophat
28,Portable Gas Can,Uncommon,https://unturneditems.com/gas-can
29,Maple Fortification,Uncommon,https://unturneditems.com/maple-fortification
30,Maple Barricade,Uncommon,https://unturneditems.com/maple-barricade
31,Maple Floor,Uncommon,https://unturneditems.com/maple-floor
32,Maple Doorway,Uncommon,https://unturneditems.com/maple-doorway
33,Maple Wall,Uncommon,https://unturneditems.com/maple-wall
34,Maple Window,Uncommon,https://unturneditems.com/maple-window
35,Maple Roof,Uncommon,https://unturneditems.com/maple-roof
36,Maple Pillar,Uncommon,https://unturneditems.com/maple-pillar
37,Birch Log,Common,https://unturneditems.com/birch-log
38,Birch Stick,Common,https://unturneditems.com/birch-stick
39,Maple Log,Uncommon,https://unturneditems.com/maple-log
40,Maple Stick,Uncommon,https://unturneditems.com/maple-stick
41,Pine Log,Rare,https://unturneditems.com/pine-log
42,Pine Stick,Rare,https://unturneditems.com/pine-stick
43,Low Caliber Military Ammunition Crate,Rare,https://unturneditems.com/military-ammunition-crate
44,Low Caliber Civilian Ammunition Box,Uncommon,https://unturneditems.com/civilian-ammunition-box
45,Birch Barricade,Common,https://unturneditems.com/birch-barricade
46,Pine Barricade,Rare,https://unturneditems.com/pine-barricade
47,Birch Fortification,Common,https://unturneditems.com/birch-fortification
48,Pine Fortification,Rare,https://unturneditems.com/pine-fortification
49,Birch Doorway,Common,https://unturneditems.com/birch-doorway
50,Pine Doorway,Rare,https://unturneditems.com/pine-doorway
51,Birch Floor,Common,https://unturneditems.com/birch-floor
52,Pine Floor,Rare,https://unturneditems.com/pine-floor
53,Birch Pillar,Common,https://unturneditems.com/birch-pillar
54,Pine Pillar,Rare,https://unturneditems.com/pine-pillar
55,Birch Roof,Common,https://unturneditems.com/birch-roof
56,Pine Roof,Rare,https://unturneditems.com/pine-roof
57,Birch Wall,Common,https://unturneditems.com/birch-wall
58,Pine Wall,Rare,https://unturneditems.com/pine-wall
59,Birch Window,Common,https://unturneditems.com/birch-window
60,Pine Window,Rare,https://unturneditems.com/pine-window
61,Maple Plank,Uncommon,https://unturneditems.com/maple-plank
62,Birch Plank,Common,https://unturneditems.com/birch-plank
63,Pine Plank,Rare,https://unturneditems.com/pine-plank
64,Rope,Common,https://unturneditems.com/rope
65,Wire,Common,https://unturneditems.com/wire
66,Cloth,Common,https://unturneditems.com/cloth
67,Metal Scrap,Common,https://unturneditems.com/metal-scrap
68,Metal Sheet,Uncommon,https://unturneditems.com/metal-sheet
69,Tape,Common,https://unturneditems.com/tape
70,Glue,Common,https://unturneditems.com/glue
71,Nails,Common,https://unturneditems.com/nails
72,Metal Can,Common,https://unturneditems.com/can
73,Raw Explosives,Uncommon,https://unturneditems.com/explosives
74,Bricks,Common,https://unturneditems.com/bricks
75,Chemicals,Common,https://unturneditems.com/chemicals
76,Blowtorch,Uncommon,https://unturneditems.com/blowtorch
77,Canned Tomato Soup,Common,https://unturneditems.com/canned-tomato-soup
78,Canned Chicken Soup,Common,https://unturneditems.com/canned-chicken-soup
79,Canned Tuna,Common,https://unturneditems.com/canned-tuna
80,Canned Cola,Common,https://unturneditems.com/canned-cola
81,MRE,Rare,https://unturneditems.com/mre
82,Chips,Common,https://unturneditems.com/chips
83,Chocolate Bar,Common,https://unturneditems.com/chocolate-bar
84,Candy Bar,Common,https://unturneditems.com/candy-bar
85,Granola Bar,Common,https://unturneditems.com/granola-bar
86,Energy Bar,Common,https://unturneditems.com/energy-bar
87,Canned Pasta,Common,https://unturneditems.com/canned-pasta
88,Canned Bacon,Common,https://unturneditems.com/canned-bacon
89,Canned Beef,Common,https://unturneditems.com/canned-beef
90,Canned Sardines,Common,https://unturneditems.com/canned-sardines
91,Apple Juice,Common,https://unturneditems.com/apple-juice
92,Grape Juice,Common,https://unturneditems.com/grape-juice
93,Bottled Energy,Common,https://unturneditems.com/bottled-energy
94,Bottled Coconut,Common,https://unturneditems.com/bottled-coconut
95,Bandage,Uncommon,https://unturneditems.com/bandage
96,Splint,Uncommon,https://unturneditems.com/splint
97,Colt,Uncommon,https://unturneditems.com/colt
98,Colt Magazine,Uncommon,https://unturneditems.com/colt-magazine
99,Cobra,Rare,https://unturneditems.com/cobra
100,Cobra Magazine,Rare,https://unturneditems.com/cobra-magazine
101,Schofield,Uncommon,https://unturneditems.com/schofield
102,Schofield Iron Sights,Common,https://unturneditems.com/schofield-iron-sights
103,Schofield Clip,Uncommon,https://unturneditems.com/schofield-clip
104,Fire Axe,Common,https://unturneditems.com/fire-axe
105,Baseball Bat,Common,https://unturneditems.com/baseball-bat
106,Hockey Stick,Common,https://unturneditems.com/hockey-stick
107,Ace,Uncommon,https://unturneditems.com/ace
108,Ace Clip,Uncommon,https://unturneditems.com/ace-clip
109,Hawkhound,Uncommon,https://unturneditems.com/hawkhound
110,Hawkhound Iron Sights,Common,https://unturneditems.com/hawkhound-iron-sights
111,Hawkhound Magazine,Uncommon,https://unturneditems.com/hawkhound-magazine
112,Bluntforce,Rare,https://unturneditems.com/bluntforce
113,12 Gauge Shells,Rare,https://unturneditems.com/shells
114,Bluntforce Iron Sights,Common,https://unturneditems.com/bluntforce-iron-sights
115,Pink Berry (Raw Mauve Berries),Common,https://unturneditems.com/pink-berry
116,Honeybadger,Legendary,https://unturneditems.com/honeybadger
118,Honeybadger Iron Sights,Common,https://unturneditems.com/honeybadger-iron-sights
119,Low Caliber Ranger Ammunition Box,Rare,https://unturneditems.com/ranger-ammunition-box
120,Kitchen Knife,Common,https://unturneditems.com/kitchen-knife
121,Military Knife,Rare,https://unturneditems.com/military-knife
122,Zubeknakov,Epic,https://unturneditems.com/zubeknakov
123,Ranger Magazine,Rare,https://unturneditems.com/ranger-magazine
124,Zubeknakov Iron Sights,Common,https://unturneditems.com/zubeknakov-iron-sights
125,Ranger Drum,Epic,https://unturneditems.com/ranger-drum
126,Nykorev,Epic,https://unturneditems.com/nykorev
127,Nykorev Box,Epic,https://unturneditems.com/nykorev-box
128,Nykorev Iron Sights,Common,https://unturneditems.com/nykorev-iron-sights
129,Snayperskya,Rare,https://unturneditems.com/snayperskya
130,Snayperskya Magazine,Rare,https://unturneditems.com/snayperskya-magazine
131,Snayperskya Iron Sights,Common,https://unturneditems.com/snayperskya-iron-sights
132,Dragonfang,Epic,https://unturneditems.com/dragonfang
133,Dragonfang Box,Epic,https://unturneditems.com/dragonfang-box
134,Dragonfang Iron Sights,Common,https://unturneditems.com/dragonfang-iron-sights
135,Golf Club,Common,https://unturneditems.com/golf-club
136,Sledgehammer,Uncommon,https://unturneditems.com/sledgehammer
137,Butcher Knife,Common,https://unturneditems.com/butcher-knife
138,Hammer,Common,https://unturneditems.com/hammer
139,Swiss Knife,Uncommon,https://unturneditems.com/swiss-knife
140,Butterfly Knife,Rare,https://unturneditems.com/butterfly-knife
141,Saw,Common,https://unturneditems.com/saw
142,Rake,Common,https://unturneditems.com/rake
143,Bipod,Epic,https://unturneditems.com/bipod
144,Ranger Suppressor,Epic,https://unturneditems.com/ranger-suppressor
145,Horizontal Grip,Rare,https://unturneditems.com/horizontal-grip
146,Red Dot Sight,Uncommon,https://unturneditems.com/red-dot-sight
147,Red Halo Sight,Uncommon,https://unturneditems.com/red-halo-sight
148,Red Chevron Scope,Uncommon,https://unturneditems.com/red-chevron-scope
149,Military Barrel,Rare,https://unturneditems.com/military-barrel
150,Military Muzzle,Rare,https://unturneditems.com/military-muzzle
151,Tactical Laser,Rare,https://unturneditems.com/tactical-laser
152,Tactical Light,Rare,https://unturneditems.com/tactical-light
153,7x Scope,Rare,https://unturneditems.com/7x-scope
154,Orange Shirt,Common,https://unturneditems.com/orange-shirt
155,Orange Tee,Common,https://unturneditems.com/orange-tee
156,Orange Parka,Common,https://unturneditems.com/orange-parka
157,Purple Hoodie,Common,https://unturneditems.com/purple-hoodie
158,Purple Shirt,Common,https://unturneditems.com/purple-shirt
159,Purple Tee,Common,https://unturneditems.com/purple-tee
160,Purple Parka,Common,https://unturneditems.com/purple-parka
161,Green Hoodie,Common,https://unturneditems.com/green-hoodie
162,Green Parka,Common,https://unturneditems.com/green-parka
163,Green Shirt,Common,https://unturneditems.com/green-shirt
164,Green Tee,Common,https://unturneditems.com/green-tee
165,Red Hoodie,Common,https://unturneditems.com/red-hoodie
166,Red Parka,Common,https://unturneditems.com/red-parka
167,Red Shirt,Common,https://unturneditems.com/red-shirt
168,Red Tee,Common,https://unturneditems.com/red-tee
169,Yellow Hoodie,Common,https://unturneditems.com/yellow-hoodie
170,Yellow Parka,Common,https://unturneditems.com/yellow-parka
171,Yellow Shirt,Common,https://unturneditems.com/yellow-shirt
172,Yellow Tee,Common,https://unturneditems.com/yellow-tee
173,Blue Hoodie,Common,https://unturneditems.com/blue-hoodie
174,Blue Parka,Common,https://unturneditems.com/blue-parka
175,Blue Shirt,Common,https://unturneditems.com/blue-shirt
176,Blue Tee,Common,https://unturneditems.com/blue-tee
177,White Hoodie,Common,https://unturneditems.com/white-hoodie
178,White Parka,Common,https://unturneditems.com/white-parka
179,White Shirt,Common,https://unturneditems.com/white-shirt
180,White Tee,Common,https://unturneditems.com/white-tee
181,Black Hoodie,Common,https://unturneditems.com/black-hoodie
182,Black Parka,Common,https://unturneditems.com/black-parka
183,Black Shirt,Common,https://unturneditems.com/black-shirt
184,Black T-Shirt,Common,https://unturneditems.com/black-t-shirt
185,Black Bandana,Common,https://unturneditems.com/black-bandana
186,Blue Bandana,Common,https://unturneditems.com/blue-bandana
187,Green Bandana,Common,https://unturneditems.com/green-bandana
188,Orange Bandana,Common,https://unturneditems.com/orange-bandana
189,Purple Bandana,Common,https://unturneditems.com/purple-bandana
190,White Bandana,Common,https://unturneditems.com/white-bandana
191,Yellow Bandana,Common,https://unturneditems.com/yellow-bandana
192,Black Toque,Common,https://unturneditems.com/black-toque
193,Blue Toque,Common,https://unturneditems.com/blue-toque
194,Green Toque,Common,https://unturneditems.com/green-toque
195,Orange Toque,Common,https://unturneditems.com/orange-toque
196,Purple Toque,Common,https://unturneditems.com/purple-toque
197,Red Toque,Common,https://unturneditems.com/red-toque
198,White Toque,Common,https://unturneditems.com/white-toque
199,Yellow Toque,Common,https://unturneditems.com/yellow-toque
200,Black Daypack,Common,https://unturneditems.com/black-daypack
201,Blue Daypack,Common,https://unturneditems.com/blue-daypack
202,Green Daypack,Common,https://unturneditems.com/green-daypack
203,Orange Daypack,Common,https://unturneditems.com/orange-daypack
204,Purple Daypack,Common,https://unturneditems.com/purple-daypack
205,White Daypack,Common,https://unturneditems.com/white-daypack
206,Yellow Daypack,Common,https://unturneditems.com/yellow-daypack
207,Outfit Jeans,Common,https://unturneditems.com/outfit-jeans
208,Cowboy Jeans,Common,https://unturneditems.com/cowboy-jeans
209,Cargo Pants,Common,https://unturneditems.com/cargo-pants
210,Buds,Common,https://unturneditems.com/buds
211,Plaid Shirt,Uncommon,https://unturneditems.com/plaid-shirt
212,Khaki Pants,Common,https://unturneditems.com/khaki-pants
213,Corduroy Pants,Common,https://unturneditems.com/corduroy-pants
214,Trouser Pants,Common,https://unturneditems.com/trouser-pants
215,Black Sweatervest,Common,https://unturneditems.com/black-sweatervest
216,Blue Sweatervest,Common,https://unturneditems.com/blue-sweatervest
217,Green Sweatervest,Common,https://unturneditems.com/green-sweatervest
218,Orange Sweatervest,Common,https://unturneditems.com/orange-sweatervest
219,Purple Sweatervest,Common,https://unturneditems.com/purple-sweatervest
220,Red Sweatervest,Common,https://unturneditems.com/red-sweatervest
221,White Sweatervest,Common,https://unturneditems.com/white-sweatervest
222,Yellow Sweatervest,Common,https://unturneditems.com/yellow-sweatervest
223,Police Top,Uncommon,https://unturneditems.com/police-top
224,Police Bottom,Uncommon,https://unturneditems.com/police-bottom
225,Police Cap,Uncommon,https://unturneditems.com/police-cap
226,Khaki Shorts,Common,https://unturneditems.com/khaki-shorts
227,Cargo Shorts,Common,https://unturneditems.com/cargo-shorts
228,Corduroy Shorts,Common,https://unturneditems.com/corduroy-shorts
229,Trouser Shorts,Common,https://unturneditems.com/trouser-shorts
230,Chef Top,Uncommon,https://unturneditems.com/chef-top
231,Chef Bottom,Uncommon,https://unturneditems.com/chef-bottom
232,Construction Top,Uncommon,https://unturneditems.com/construction-top
233,Firefighter Top,Uncommon,https://unturneditems.com/firefighter-top
234,Firefighter Bottom,Uncommon,https://unturneditems.com/firefighter-bottom
235,Ghillie Top,Epic,https://unturneditems.com/ghillie-top
236,Ghillie Bottom,Epic,https://unturneditems.com/ghillie-bottom
237,Ghillie Hood,Epic,https://unturneditems.com/ghillie-hood
238,Ghillie Vest,Epic,https://unturneditems.com/ghillie-vest
239,Chef Hat,Uncommon,https://unturneditems.com/chef-hat
240,Construction Helmet,Common,https://unturneditems.com/construction-helmet
241,Firefighter Helmet,Uncommon,https://unturneditems.com/firefighter-helmet
242,Farmer Top,Uncommon,https://unturneditems.com/farmer-top
243,Farmer Bottom,Uncommon,https://unturneditems.com/farmer-bottom
244,Farmer Hat,Uncommon,https://unturneditems.com/farmer-hat
245,Black Travelpack,Common,https://unturneditems.com/black-travelpack
246,Blue Travelpack,Common,https://unturneditems.com/blue-travelpack
247,Green Travelpack,Common,https://unturneditems.com/green-travelpack
248,Orange Travelpack,Common,https://unturneditems.com/orange-travelpack
249,Purple Travelpack,Common,https://unturneditems.com/purple-travelpack
250,Red Travelpack,Common,https://unturneditems.com/red-travelpack
251,White Travelpack,Common,https://unturneditems.com/white-travelpack
252,Yellow Travelpack,Common,https://unturneditems.com/yellow-travelpack
253,Alicepack,Epic,https://unturneditems.com/alicepack
254,Fragmentation Grenade,Rare,https://unturneditems.com/grenade
255,Blue Flare,Common,https://unturneditems.com/blue-flare
256,Green Flare,Common,https://unturneditems.com/green-flare
257,Orange Flare,Common,https://unturneditems.com/orange-flare
258,Purple Flare,Common,https://unturneditems.com/purple-flare
259,Red Flare,Common,https://unturneditems.com/red-flare
260,Yellow Flare,Common,https://unturneditems.com/yellow-flare
261,Black Smoke,Uncommon,https://unturneditems.com/black-smoke
262,Blue Smoke,Uncommon,https://unturneditems.com/blue-smoke
263,Green Smoke,Uncommon,https://unturneditems.com/green-smoke
264,Orange Smoke,Uncommon,https://unturneditems.com/orange-smoke
265,Purple Smoke,Uncommon,https://unturneditems.com/purple-smoke
266,Red Smoke,Uncommon,https://unturneditems.com/red-smoke
267,White Smoke,Uncommon,https://unturneditems.com/white-smoke
268,Yellow Smoke,Uncommon,https://unturneditems.com/yellow-smoke
269,Vaccine,Rare,https://unturneditems.com/vaccine
270,Raw Amber Berry,Common,https://unturneditems.com/amber-berry
271,Raw Indigo Berry,Common,https://unturneditems.com/indigo-berry
272,Raw Jade Berry,Common,https://unturneditems.com/jade-berry
273,Raw Russet Berry,Common,https://unturneditems.com/russet-berry
274,Raw Teal Berry,Common,https://unturneditems.com/teal-berry
275,Raw Vermillion Berry,Common,https://unturneditems.com/vermillion-berry
276,Flashlight,Common,https://unturneditems.com/flashlight
277,Carjack (Car Lift),Uncommon,https://unturneditems.com/carjack
278,Santa Hat,Common,https://unturneditems.com/santa-hat
279,Santa Top,Common,https://unturneditems.com/santa-top
280,Santa Bottom,Common,https://unturneditems.com/santa-bottom
281,Maple Door,Uncommon,https://unturneditems.com/maple-door
282,Birch Door,Common,https://unturneditems.com/birch-door
283,Pine Door,Rare,https://unturneditems.com/pine-door
284,Jail Door,Epic,https://unturneditems.com/jail-door
285,Metal Bar,Rare,https://unturneditems.com/metal-bar
286,Vault Door,Epic,https://unturneditems.com/vault-door
287,Bar Fortification,Epic,https://unturneditems.com/bar-fortification
288,Black Bedroll,Common,https://unturneditems.com/black-bedroll
289,Blue Bedroll,Common,https://unturneditems.com/blue-bedroll
290,Green Bedroll,Common,https://unturneditems.com/green-bedroll
291,Orange Bedroll,Common,https://unturneditems.com/orange-bedroll
292,Purple bedroll,Common,https://unturneditems.com/purple-bedroll
293,Red Bedroll,Common,https://unturneditems.com/red-bedroll
294,White Bedroll,Common,https://unturneditems.com/white-bedroll
295,Yellow Bedroll,Common,https://unturneditems.com/yellow-bedroll
296,16x Scope,Epic,https://unturneditems.com/16x-scope
297,Grizzly,Legendary,https://unturneditems.com/grizzly
298,Grizzly Magazine,Legendary,https://unturneditems.com/grizzly-magazine
299,Grizzly Iron Sights,Common,https://unturneditems.com/grizzly-iron-sights
300,Shadowstalker,Legendary,https://unturneditems.com/shadowstalker
301,Rail,Legendary,https://unturneditems.com/rail
302,Shadowstalker Scope,Common,https://unturneditems.com/shadowstalker-scope
303,Prisoner Top,Uncommon,https://unturneditems.com/prisoner-top
304,Prisoner Bottom,Uncommon,https://unturneditems.com/prisoner-bottom
305,RCMP Bottom,Uncommon,https://unturneditems.com/rcmp-bottom
306,RCMP Top,Uncommon,https://unturneditems.com/rcmp-top
307,Forest Military Top,Rare,https://unturneditems.com/forest-military-top
308,Forest Military Bottom,Rare,https://unturneditems.com/forest-military-bottom
309,Forest Military Helmet,Rare,https://unturneditems.com/military-helmet
310,Forest Military Vest,Rare,https://unturneditems.com/forest-military-vest
311,Medic Top,Uncommon,https://unturneditems.com/medic-top
312,Medic Bottom,Uncommon,https://unturneditems.com/medic-bottom
313,RCMP Hat,Uncommon,https://unturneditems.com/rcmp-hat
314,Grocer Top,Uncommon,https://unturneditems.com/grocer-top
315,Grocer Bottom,Uncommon,https://unturneditems.com/grocer-bottom
316,Maple Stairs,Uncommon,https://unturneditems.com/maple-stairs
317,Pine Stairs,Rare,https://unturneditems.com/pine-stairs
318,Birch Stairs,Common,https://unturneditems.com/birch-stairs
319,Maple Hole,Uncommon,https://unturneditems.com/maple-hole
320,Pine Hole,Rare,https://unturneditems.com/pine-hole
321,Birch Hole,Common,https://unturneditems.com/birch-hole
322,Maple Ramp,Uncommon,https://unturneditems.com/maple-ramp
323,Birch Ramp,Common,https://unturneditems.com/birch-ramp
324,Pine Ramp,Rare,https://unturneditems.com/pine-ramp
325,Maple Ladder,Uncommon,https://unturneditems.com/maple-ladder
326,Birch Ladder,Common,https://unturneditems.com/birch-ladder
327,Pine Ladder,Rare,https://unturneditems.com/pine-ladder
328,Metal Locker,Epic,https://unturneditems.com/metal-locker
329,Carrot,Common,https://unturneditems.com/carrot
330,Carrot Seed,Common,https://unturneditems.com/carrot-seed
331,Planter,Rare,https://unturneditems.com/planter
332,Fertilizer,Uncommon,https://unturneditems.com/fertilizer
333,Binoculars,Uncommon,https://unturneditems.com/binoculars
334,Military Nightvision,Epic,https://unturneditems.com/military-nightvision
335,Corn,Common,https://unturneditems.com/corn
336,Corn Seed,Common,https://unturneditems.com/corn-seed
337,Canteen,Uncommon,https://unturneditems.com/canteen
338,Lettuce,Common,https://unturneditems.com/lettuce
339,Lettuce Seed,Common,https://unturneditems.com/lettuce-seed
340,Tomato,Common,https://unturneditems.com/tomato
341,tomato Seed,Common,https://unturneditems.com/tomato-seed
342,Potato,Common,https://unturneditems.com/potato
343,Potato Seed,Common,https://unturneditems.com/potato-seed
344,Wheat,Common,https://unturneditems.com/wheat
345,Wheat Seed,Common,https://unturneditems.com/wheat-seed
346,Crossbow,Uncommon,https://unturneditems.com/crossbow
347,Arrow,Uncommon,https://unturneditems.com/arrow
348,Maple Arrow,Common,https://unturneditems.com/maple-arrow
349,Crossbow Iron Sights,Common,https://unturneditems.com/crossbow-iron-sights
351,Birch Arrow,Common,https://unturneditems.com/birch-arrow
352,Pine Arrow,Common,https://unturneditems.com/pine-arrow
353,Maple Bow,Common,https://unturneditems.com/maple-bow
355,Birch Bow,Common,https://unturneditems.com/birch-bow
356,Pine Bow,Common,https://unturneditems.com/pine-bow
357,Compound Bow,Uncommon,https://unturneditems.com/compound-bow
358,Compound Iron Sights,Common,https://unturneditems.com/compound-iron-sights
359,Maple Torch,Uncommon,https://unturneditems.com/maple-torch
360,Birch Torch,Common,https://unturneditems.com/birch-torch
361,Pine Torch,Rare,https://unturneditems.com/pine-torch
362,Campfire,Uncommon,https://unturneditems.com/campfire
363,Maplestrike,Epic,https://unturneditems.com/maplestrike
364,Maplestrike Iron Sights,Common,https://unturneditems.com/maplestrike-iron-sights
365,Sandbag,Uncommon,https://unturneditems.com/sandbag
366,Maple Crate,Uncommon,https://unturneditems.com/maple-crate
367,Birch Crate,Common,https://unturneditems.com/birch-crate
368,Pine Crate,Rare,https://unturneditems.com/pine-crate
369,Metal Floor,Epic,https://unturneditems.com/metal-floor
370,Metal Doorway,Epic,https://unturneditems.com/metal-doorway
371,Metal Wall,Epic,https://unturneditems.com/metal-wall
372,Metal Window,Epic,https://unturneditems.com/metal-window
373,Metal Roof,Epic,https://unturneditems.com/metal-roof
374,Metal Pillar,Epic,https://unturneditems.com/metal-pillar
375,Metal Stairs,Epic,https://unturneditems.com/metal-stairs
376,Metal Hole,Epic,https://unturneditems.com/metal-hole
377,Metal Ramp,Epic,https://unturneditems.com/metal-ramp
378,Metal Door,Epic,https://unturneditems.com/metal-door
379,Metal Ladder,Epic,https://unturneditems.com/metal-ladder
380,Masterkey,Uncommon,https://unturneditems.com/masterkey
381,20 Gauge Shells,Uncommon,https://unturneditems.com/20-gauge-shells
382,Caltrop,Uncommon,https://unturneditems.com/caltrop
383,Maple Spikes,Uncommon,https://unturneditems.com/maple-spikes
384,Birch Spikes,Common,https://unturneditems.com/birch-spikes
385,Pine Spikes,Rare,https://unturneditems.com/pine-spikes
386,Barbed Wire,Uncommon,https://unturneditems.com/barbed-wire
387,Adrenaline,Rare,https://unturneditems.com/adrenaline
388,Morphine,Rare,https://unturneditems.com/morphine
389,Antibiotics,Rare,https://unturneditems.com/antibiotics
390,Painkillers,Uncommon,https://unturneditems.com/painkillers
391,Vitamins,Common,https://unturneditems.com/vitamins
392,Purification Tablets,Common,https://unturneditems.com/tablets
393,Rag,Common,https://unturneditems.com/rag
394,Dressing,Rare,https://unturneditems.com/dressing
395,Blood Bag,Epic,https://unturneditems.com/blood-bag
396,Crushed Mauve Berries (Refined),Common,https://unturneditems.com/crushed-mauve-berries
397,Crushed Amber Berries (Refined),Common,https://unturneditems.com/crushed-amber-berries
398,Crushed Indigo Berries (Refined),Common,https://unturneditems.com/crushed-indigo-berries
399,Crushed Jade Berries (Refined),Common,https://unturneditems.com/crushed-jade-berries
400,Crushed Russet Berries (Refined),Common,https://unturneditems.com/crushed-russet-berries
401,Crushed Teal Berries (Refined),Common,https://unturneditems.com/crushed-teal-berries
402,Crushed Vermillion Berries (Refined),Common,https://unturneditems.com/crushed-vermillion-berries
403,Suturekit,Epic,https://unturneditems.com/suturekit
404,Cough Syrup,Common,https://unturneditems.com/cough-syrup
405,Mechanic Top,Uncommon,https://unturneditems.com/mechanic-top
406,Mechanic Bottom,Uncommon,https://unturneditems.com/mechanic-bottom
407,Engineer Top,Uncommon,https://unturneditems.com/engineer-top
408,Engineer Bottom,Uncommon,https://unturneditems.com/engineer-bottom
410,Black Poncho,Common,https://unturneditems.com/black-poncho
411,Blue Poncho,Common,https://unturneditems.com/blue-poncho
412,Green Poncho,Common,https://unturneditems.com/green-poncho
413,Orange Poncho,Common,https://unturneditems.com/orange-poncho
414,Purple Poncho,Common,https://unturneditems.com/purple-poncho
415,Red Poncho,Common,https://unturneditems.com/red-poncho
416,White Poncho,Common,https://unturneditems.com/white-poncho
417,Yellow Poncho,Common,https://unturneditems.com/yellow-poncho
420,Biker Jacket,Common,https://unturneditems.com/biker-jacket
421,Suit Top,Common,https://unturneditems.com/suit-top
422,Suit Bottom,Common,https://unturneditems.com/suit-bottom
423,Engineer Hat,Uncommon,https://unturneditems.com/engineer-hat
424,Fedora,Common,https://unturneditems.com/fedora
425,Black Cap,Common,https://unturneditems.com/black-cap
426,Blue Cap,Common,https://unturneditems.com/blue-cap
427,Green Cap,Common,https://unturneditems.com/green-cap
428,Orange Cap,Common,https://unturneditems.com/orange-cap
429,Purple Cap,Common,https://unturneditems.com/purple-cap
430,Red Cap,Common,https://unturneditems.com/red-cap
431,White Cap,Common,https://unturneditems.com/white-cap
432,Yellow Cap,Common,https://unturneditems.com/yellow-cap
433,Desert Beret,Uncommon,https://unturneditems.com/desert-beret-1
434,Black Balaclava,Common,https://unturneditems.com/black-balaclava
435,Blue Balaclava,Common,https://unturneditems.com/blue-balaclava
436,Green Balaclava,Common,https://unturneditems.com/green-balaclava
437,Orange Balaclava,Common,https://unturneditems.com/orange-balaclava
438,Purple Balaclava,Common,https://unturneditems.com/purple-balaclava
439,Red Balaclava,Common,https://unturneditems.com/red-balaclava
440,White Balaclava,Common,https://unturneditems.com/white-balaclava
441,Yellow Balaclava,Common,https://unturneditems.com/yellow-balaclava
442,Maple Rampart,Uncommon,https://unturneditems.com/maple-rampart
443,Maple Post,Uncommon,https://unturneditems.com/maple-post
444,Birch Rampart,Common,https://unturneditems.com/birch-rampart
445,Pine Rampart,Rare,https://unturneditems.com/pine-rampart
446,Metal Rampart,Epic,https://unturneditems.com/metal-rampart
447,Birch Post,Common,https://unturneditems.com/birch-post
448,Pine Post,Rare,https://unturneditems.com/pine-post
449,Metal Post,Epic,https://unturneditems.com/metal-post
450,Maple Garage,Uncommon,https://unturneditems.com/maple-garage
451,Maple Gate,Uncommon,https://unturneditems.com/maple-gate
452,Birch Garage,Common,https://unturneditems.com/birch-garage
453,Pine Garage,Rare,https://unturneditems.com/pine-garage
454,Metal Garage,Epic,https://unturneditems.com/metal-garage
455,Birch Gate,Common,https://unturneditems.com/birch-gate
456,Pine Gate,Rare,https://unturneditems.com/pine-gate
457,Metal Gate,Epic,https://unturneditems.com/metal-gate
458,Portable Generator,Rare,https://unturneditems.com/generator
459,Spotlight,Rare,https://unturneditems.com/spotlight
460,Bread,Uncommon,https://unturneditems.com/bread
461,Tuna Sandwich,Rare,https://unturneditems.com/tuna-sandwich
462,Milk Box,Common,https://unturneditems.com/milk-box
463,Orange Juice,Common,https://unturneditems.com/orange-juice
464,Cheese,Common,https://unturneditems.com/cheese
465,Soda,Common,https://unturneditems.com/soda
466,Grilled Cheese Sandwich,Rare,https://unturneditems.com/grilled-cheese-sandwich
467,BLT Sandwich,Rare,https://unturneditems.com/blt-sandwich
468,Ham Sandwich,Rare,https://unturneditems.com/ham-sandwich
469,Canned Ham,Common,https://unturneditems.com/canned-ham
470,Eggs,Common,https://unturneditems.com/eggs
471,Cake,Epic,https://unturneditems.com/cake
472,Bottled Cola,Common,https://unturneditems.com/bottled-cola
473,Bottled Soda,Common,https://unturneditems.com/bottled-soda
474,Maple Rifle,Common,https://unturneditems.com/maple-rifle
475,Rifle Iron Sights,Common,https://unturneditems.com/rifle-iron-sights
476,Makeshift Scope,Common,https://unturneditems.com/makeshift-scope
477,Makeshift Muffler,Common,https://unturneditems.com/makeshift-muffler
478,Rifle Clip,Common,https://unturneditems.com/rifle-clip
479,Birch Rifle,Common,https://unturneditems.com/birch-rifle
480,Pine Rifle,Common,https://unturneditems.com/pine-rifle
481,Maple Bottle,Common,https://unturneditems.com/maple-bottle
482,Birch Bottle,Common,https://unturneditems.com/birch-bottle
483,Pine Bottle,Common,https://unturneditems.com/pine-bottle
484,Sportshot,Uncommon,https://unturneditems.com/sportshot
485,Sportshot Magazine,Uncommon,https://unturneditems.com/sportshot-magazine
486,Sportshot Iron Sights,Common,https://unturneditems.com/sportshot-iron-sights
487,Makeshift Bat,Common,https://unturneditems.com/makeshift-bat
488,Desert Eagle (Desert Falcon),Epic,https://unturneditems.com/desert-eagle
489,Desert Eagle Magazine (Desert Falcon Magazine),Epic,https://unturneditems.com/desert-eagle-magazine
490,Chainsaw,Uncommon,https://unturneditems.com/chainsaw
491,Gold Aviators,Common,https://unturneditems.com/gold-aviators
503,Fishing Rod,Uncommon,https://unturneditems.com/fishing-rod
504,Raw Trout,Common,https://unturneditems.com/raw-trout
505,Raw Salmon,Common,https://unturneditems.com/raw-salmon
506,Birch Rod,Common,https://unturneditems.com/birch-rod
507,Maple Rod,Common,https://unturneditems.com/maple-rod
508,Pine Rod,Common,https://unturneditems.com/pine-rod
509,Fishing Hat,Uncommon,https://unturneditems.com/fishing-hat
510,Fishing Top,Uncommon,https://unturneditems.com/fishing-top
511,Fishing Bottom,Uncommon,https://unturneditems.com/fishing-bottom
512,Cooked Trout,Common,https://unturneditems.com/cooked-trout
513,Cooked Salmon,Common,https://unturneditems.com/cooked-salmon
514,Raw Venison,Common,https://unturneditems.com/raw-venison
515,Cooked Venison,Common,https://unturneditems.com/cooked-venison
516,Leather,Common,https://unturneditems.com/leather
517,Leather Top,Common,https://unturneditems.com/leather-top
518,Leather Bottom,Common,https://unturneditems.com/leather-bottom
519,Rocket Launcher,Legendary,https://unturneditems.com/rocket-launcher
520,Rocket,Legendary,https://unturneditems.com/rocket
521,Rocket Iron Sights,Common,https://unturneditems.com/rocket-iron-sights
548,Designer Jeans,Common,https://unturneditems.com/designer-jeans
727,Medic Glasses,Common,https://unturneditems.com/medic-glasses
892,Small One Way Plate,Common,https://unturneditems.com/small-one-way-plate
893,Small Bulletproof Plate,Common,https://unturneditems.com/small-bulletproof-plate
894,Small Weak Plate,Common,https://unturneditems.com/small-weak-plate
1000,Matamorez,Legendary,https://unturneditems.com/matamorez
1001,Matamorez Iron Sights,Common,https://unturneditems.com/matamorez-iron-sights
1002,Matamorez Barrel (Unobtainable),Common,https://unturneditems.com/matamorez-barrel-unobtainable
1003,Matamorez Magazine,Epic,https://unturneditems.com/matamorez-magazine
1004,Red Kobra Sight,Uncommon,https://unturneditems.com/red-kobra-sight
1005,Matamorez Box,Legendary,https://unturneditems.com/matamorez-box
1006,Cobra Box,Epic,https://unturneditems.com/cobra-box
1007,Adaptive Chambering Attachment,Epic,https://unturneditems.com/adaptive-chambering-attachment
1008,Rangefinder,Epic,https://unturneditems.com/rangefinder
1009,Desert Beret,Uncommon,https://unturneditems.com/desert-beret
1010,Desert Military Helmet,Rare,https://unturneditems.com/desert-military-helmet
1011,Desert Military Top,Rare,https://unturneditems.com/desert-military-top
1012,Desert Military Bottom,Rare,https://unturneditems.com/desert-military-bottom
1013,Desert Military Vest,Rare,https://unturneditems.com/desert-military-vest
1014,Leather Pack,Common,https://unturneditems.com/leather-pack
1015,Biohazard Top,Rare,https://unturneditems.com/biohazard-top
1016,Biohazard Bottom,Rare,https://unturneditems.com/biohazard-bottom
1017,Biohazard Hood,Rare,https://unturneditems.com/biohazard-hood
1018,Sabertooth,Rare,https://unturneditems.com/sabertooth
1019,Sabertooth Iron Sights,Common,https://unturneditems.com/sabertooth-iron-sights
1020,Sabertooth Magazine,Rare,https://unturneditems.com/sabertooth-magazine
1021,Avenger,Rare,https://unturneditems.com/avenger
1022,Avenger Magazine,Rare,https://unturneditems.com/avenger-magazine
1023,Police Baton,Common,https://unturneditems.com/police-baton
1024,Peacemaker,Rare,https://unturneditems.com/peacemaker
1025,Peacemaker Iron Sights,Common,https://unturneditems.com/peacemaker-iron-sights
1026,Peacemaker Magazine,Rare,https://unturneditems.com/peacemaker-magazine
1027,Viper,Rare,https://unturneditems.com/viper
1028,Viper Iron Sights,Common,https://unturneditems.com/viper-iron-sights
1029,Viper Magazine,Rare,https://unturneditems.com/viper-magazine
1030,Frying Pan,Common,https://unturneditems.com/frying-pan
1031,Shovel,Common,https://unturneditems.com/shovel
1032,Crowbar,Common,https://unturneditems.com/crowbar
1033,Paddle,Common,https://unturneditems.com/paddle
1034,Pitchfork,Common,https://unturneditems.com/pitchfork
1035,Machete,Rare,https://unturneditems.com/machete
1036,Katana,Epic,https://unturneditems.com/katana
1037,Heartbreaker,Epic,https://unturneditems.com/heartbreaker
1038,Heartbreaker Iron Sights,Common,https://unturneditems.com/heartbreaker-iron-sights
1039,Kryzkarek,Uncommon,https://unturneditems.com/kryzkarek
1040,Kryzkarek Magazine,Uncommon,https://unturneditems.com/kryzkarek-magazine
1041,Yuri,Rare,https://unturneditems.com/yuri
1042,Yuri Magazine,Rare,https://unturneditems.com/yuri-magazine
1043,Yuri Iron Sights,Common,https://unturneditems.com/yuri-iron-sights
1044,Civilian Nightvision,Rare,https://unturneditems.com/civilian-nightvision
1045,Pumpkin Seed,Common,https://unturneditems.com/pumpkin-seed
1046,Pumpkin,Common,https://unturneditems.com/pumpkin
1047,Pumpkin Pie,Epic,https://unturneditems.com/pumpkin-pie
1048,Hockey Mask,Common,https://unturneditems.com/hockey-mask
1049,Jack-o-Lantern Torch,Rare,https://unturneditems.com/jack-o-lantern-torch
1050,Safezone Radiator,Legendary,https://unturneditems.com/safezone-radiator
1051,$5 Note,Common,https://unturneditems.com/5-note
1052,$10 Note,Common,https://unturneditems.com/10-note
1053,$20 Note,Common,https://unturneditems.com/20-note
1054,$50 Note,Common,https://unturneditems.com/50-note
1055,$100 Note,Common,https://unturneditems.com/100-note
1056,Loonie,Common,https://unturneditems.com/loonie
1057,Toonie,Common,https://unturneditems.com/toonie
1058,Large Maple Plate,Uncommon,https://unturneditems.com/large-maple-plate
1059,Small Maple Plate,Uncommon,https://unturneditems.com/small-maple-plate
1060,Large Maple Frame,Uncommon,https://unturneditems.com/large-maple-frame
1061,Small Maple Frame,Uncommon,https://unturneditems.com/small-maple-frame
1062,Maple Siding,Uncommon,https://unturneditems.com/maple-siding
1063,Maple Pipe,Uncommon,https://unturneditems.com/maple-pipe
1064,Large Birch Plate,Common,https://unturneditems.com/large-birch-plate
1065,Small Birch Plate,Common,https://unturneditems.com/small-birch-plate
1066,Large Birch Frame,Common,https://unturneditems.com/large-birch-frame
1067,Small Birch Frame,Common,https://unturneditems.com/small-birch-frame
1068,Birch Siding,Common,https://unturneditems.com/birch-siding
1069,Birch Pipe,Common,https://unturneditems.com/birch-pipe
1070,Large Pine Plate,Rare,https://unturneditems.com/large-pine-plate
1071,Small Pine Plate,Rare,https://unturneditems.com/small-pine-plate
1072,Large Pine Frame,Rare,https://unturneditems.com/large-pine-frame
1073,Small Pine Frame,Rare,https://unturneditems.com/small-pine-frame
1074,Pine Siding,Rare,https://unturneditems.com/pine-siding
1075,Pine Pipe,Rare,https://unturneditems.com/pine-pipe
1076,Amber Pie,Epic,https://unturneditems.com/amber-pie
1077,Indigo Pie,Epic,https://unturneditems.com/indigo-pie
1078,Jade Pie,Epic,https://unturneditems.com/jade-pie
1079,Mauve Pie,Epic,https://unturneditems.com/mauve-pie
1080,Russet Pie,Epic,https://unturneditems.com/russet-pie
1081,Teal Pie,Epic,https://unturneditems.com/teal-pie
1082,Vermillion Pie,Epic,https://unturneditems.com/vermillion-pie
1083,Maple Doorframe,Uncommon,https://unturneditems.com/maple-doorframe
1084,Maple Garageframe,Uncommon,https://unturneditems.com/maple-garageframe
1085,Birch Doorframe,Common,https://unturneditems.com/birch-doorframe
1086,Birch Garageframe,Common,https://unturneditems.com/birch-garageframe
1087,Pine Doorframe,Rare,https://unturneditems.com/pine-doorframe
1088,Pine Garageframe,Rare,https://unturneditems.com/pine-garageframe
1089,Metal Doorframe,Epic,https://unturneditems.com/metal-doorframe
1090,Metal Garageframe,Epic,https://unturneditems.com/metal-garageframe
1091,Large Metal Plate,Epic,https://unturneditems.com/large-metal-plate
1092,Small Metal Plate,Epic,https://unturneditems.com/small-metal-plate
1093,Metal Siding,Epic,https://unturneditems.com/metal-siding
1094,Metal Pipe,Epic,https://unturneditems.com/metal-pipe
1095,Maple Sign,Uncommon,https://unturneditems.com/maple-sign
1096,Birch Sign,Common,https://unturneditems.com/birch-sign
1097,Pine Sign,Rare,https://unturneditems.com/pine-sign
1098,Metal Sign,Epic,https://unturneditems.com/locked-metal-sign
1099,Makeshift Vehicle,Rare,https://unturneditems.com/makeshift-vehicle
1100,C4 Sticky Grenade,Epic,https://unturneditems.com/c4
1101,Landmine,Epic,https://unturneditems.com/landmine
1102,Claymore,Epic,https://unturneditems.com/claymore
1103,Umbrella,Uncommon,https://unturneditems.com/umbrella
1104,Amber Berry Seed,Common,https://unturneditems.com/amber-berry-seed
1105,Indigo Berry Seed,Common,https://unturneditems.com/indigo-berry-seed
1106,Jade Berry Seed,Common,https://unturneditems.com/jade-berry-seed
1107,Mauve Berry Seed,Common,https://unturneditems.com/mauve-berry-seed
1108,Russet Berry Seed,Common,https://unturneditems.com/russet-berry-seed
1109,Teal Berry Seed,Common,https://unturneditems.com/teal-berry-seed
1110,Vermillion Berry Seed,Common,https://unturneditems.com/vermillion-berry-seed
1111,6 Seater Makeshift Vehicle,Epic,https://unturneditems.com/6-seater-makeshift-veichle
1112,1 Seater Makeshift Vehicle,Uncommon,https://unturneditems.com/1-seater-makeshift-vehicle
1113,Snare,Rare,https://unturneditems.com/snare
1114,Maple Jerrycan,Common,https://unturneditems.com/maple-jerrycan
1115,Birch Jerrycan,Common,https://unturneditems.com/birch-jerrycan
1116,Pine Jerrycan,Common,https://unturneditems.com/pine-jerrycan
1117,Pork,Common,https://unturneditems.com/pork
1118,Bacon,Common,https://unturneditems.com/bacon
1119,Barbed Wire Fence,Epic,https://unturneditems.com/barbwire-fence
1120,Raw Beef,Common,https://unturneditems.com/raw-beef
1121,Cooked Beef,Common,https://unturneditems.com/cooked-beef
1122,Blue umbrella,Uncommon,https://unturneditems.com/blue-umbrella
1123,Green Umbrella,Uncommon,https://unturneditems.com/green-umbrella
1124,Orange Umbrella,Uncommon,https://unturneditems.com/orange-umbrella
1125,Purple Umbrella,Uncommon,https://unturneditems.com/purple-umbrella
1126,Red Umbrella,Uncommon,https://unturneditems.com/red-umbrella
1127,White umbrella,Uncommon,https://unturneditems.com/white-umbrella
1128,Yellow Umbrella,Uncommon,https://unturneditems.com/yellow-umbrella
1129,Heatstim,Uncommon,https://unturneditems.com/heatstim
1130,Ornamental Barbed Wire,Uncommon,https://unturneditems.com/ornamental-barbed-wire
1131,Ornamental Barbed Wire Fence,Epic,https://unturneditems.com/ornamental-barbed-wire-fence
1132,Snowball,Rare,https://unturneditems.com/Snowball
1132,Snowball,Rare,https://unturneditems.com/snowball
1133,Black Scarf,Common,https://unturneditems.com/black-scarf
1134,Blue Scarf,Common,https://unturneditems.com/blue-scarf
1135,Green Scarf,Common,https://unturneditems.com/green-scarf
1136,Orange Scarf,Common,https://unturneditems.com/orange-scarf
1137,Purple Scarf,Common,https://unturneditems.com/purple-scarf
1138,Red Scarf,Common,https://unturneditems.com/red-scarf
1139,White Scarf,Common,https://unturneditems.com/white-scarf
1140,Yellow Scarf,Common,https://unturneditems.com/yellow-scarf
1143,Sawed-off shotgun,Uncommon,https://unturneditems.com/sawed-off-shotgun
1144,Large Birch Plate (Equilateral),Common,https://unturneditems.com/large-birch-plate-equilateral
1145,Large Birch Plate (Right),Common,https://unturneditems.com/Large-Birch-Plate-Right
1146,Large Maple Plate (Equilateral),Common,https://unturneditems.com/large-maple-plate-equilateral
1147,Large Maple Plate (Right),Common,https://unturneditems.com/Large-Maple-Plate-Right
1148,Large Pine Plate (Equilateral),Common,https://unturneditems.com/large-pine-plate-equilateral
1149,Large Pine Plate Right,Rare,https://unturneditems.com/Large-Pine-Plate-Right
1150,Small Birch Plate (Equilateral),Common,https://unturneditems.com/Small-Birch-Plate-Equilateral
1151,Small Birch Plate (Right),Common,https://unturneditems.com/Small-Birch-Plate-Right
1152,Small Maple Plate (Equilateral),Uncommon,https://unturneditems.com/Small-Maple-Plate-Equilateral
1153,Small Maple Plate (Right),Uncommon,https://unturneditems.com/Small-Maple-Plate-Right
1154,Small Pine Plate (Equilateral),Rare,https://unturneditems.com/Small-Pine-Plate-Equilateral
1155,Small Pine Plate (Right),Rare,https://unturneditems.com/Small-Pine-Plate-Right
1156,Thief Top,Uncommon,https://unturneditems.com/thief-top
1157,Thief Bottom,Uncommon,https://unturneditems.com/thief-bottom
1158,Claim Flag,Legendary,https://unturneditems.com/claim-flag
1159,Maple Syrup,Uncommon,https://unturneditems.com/maple-syrup
1160,Pancake,Rare,https://unturneditems.com/pancake
1161,Waffle,Rare,https://unturneditems.com/waffle
1162,Dough,Common,https://unturneditems.com/dough
1163,Doughnut,Rare,https://unturneditems.com/doughnut
1164,Pizza,Epic,https://unturneditems.com/pizza
1165,Nailgun,Uncommon,https://unturneditems.com/nailgun
1166,Nailgun magazine,Uncommon,https://unturneditems.com/nailgun-magazine
1168,Civilian Armor Vest,Rare,https://unturneditems.com/civilian-armor-vest
1169,Spec Ops Vest,Legendary,https://unturneditems.com/spec-ops-vest
1170,Spec Ops Rucksack,Legendary,https://unturneditems.com/spec-ops-rucksack
1171,Spec Ops Top,Legendary,https://unturneditems.com/spec-ops-top
1172,Spec Ops Bottom,Legendary,https://unturneditems.com/spec-ops-bottom
1173,Makeshift Armor,Common,https://unturneditems.com/makeshift-armor
1174,Scythe,Uncommon,https://unturneditems.com/scythe
1175,Chart,Uncommon,https://unturneditems.com/chart
1176,GPS,Epic,https://unturneditems.com/gps
1177,Military Tracer Magazine,Epic,https://unturneditems.com/military-tracer-magazine
1178,Diving Tank,Rare,https://unturneditems.com/diving-tank
1179,Wetsuit Top,Rare,https://unturneditems.com/wetsuit-top
1180,Wetsuit Bottom,Rare,https://unturneditems.com/wetsuit-bottom
1181,Snorkel,Rare,https://unturneditems.com/snorkel
1182,Black Duffelbag,Common,https://unturneditems.com/black-duffelbag
1183,Blue Duffelbag,Common,https://unturneditems.com/blue-duffelbag
1184,Green Duffelbag,Common,https://unturneditems.com/green-duffelbag
1185,Orange Duffelbag,Common,https://unturneditems.com/orange-duffelbag
1186,Purple Duffelbag,Common,https://unturneditems.com/purple-duffelbag
1187,Red Duffelbag,Common,https://unturneditems.com/red-duffelbag
1188,White Duffelbag,Common,https://unturneditems.com/white-duffelbag
1189,Yellow Duffelbag,Common,https://unturneditems.com/yellow-duffelbag
1190,Ranger Muzzle,Rare,https://unturneditems.com/ranger-muzzle
1191,Ranger Barrell,Rare,https://unturneditems.com/ranger-barrell
1192,High Calibur Military Ammo,Epic,https://unturneditems.com/high-calibur-military-ammo
1193,High Calibur Ranger Ammo,Epic,https://unturneditems.com/high-calibur-ranger-ammo
1194,Horde Beacon,Legendary,https://unturneditems.com/horde-beacon
1195,Handcuffs,Uncommon,https://unturneditems.com/handcuffs
1196,Handcuffs Key,Uncommon,https://unturneditems.com/handcuffs-key
1197,Cable Tie,Common,https://unturneditems.com/cable-tie
1198,Pickaxe,Common,https://unturneditems.com/pickaxe
1199,Miner Lamp / Headlamp,Uncommon,https://unturneditems.com/miner-lamp
1200,Military Fragmentation Magazine,Legendary,https://unturneditems.com/military-fragmentation-magazine
1201,Military Nightvision Scope,Legendary,https://unturneditems.com/military-nightvision-scope
1202,Maple Rifle Rack,Uncommon,https://unturneditems.com/maple-rifle-rack
1203,Birch Rifle Rack,Common,https://unturneditems.com/birch-rifle-rack
1204,Pine Rifle Rack,Rare,https://unturneditems.com/pine-rifle-rack
1205,Maple Trophy Case,Uncommon,https://unturneditems.com/maple-trophy-case
1206,Birch Trophy Case,Common,https://unturneditems.com/birch-trophy-case
1207,Pine Trophy Case,Rare,https://unturneditems.com/pine-trophy-case
1208,Rain Barrel,Uncommon,https://unturneditems.com/rain-barrel
1209,Explosive Arrow,Epic,https://unturneditems.com/explosive-arrow
1210,Brick Doorway,Rare,https://unturneditems.com/brick-doorway
1211,Brick Garage,Rare,https://unturneditems.com/brick-garage
1212,Brick Pillar,Rare,https://unturneditems.com/brick-pillar
1213,Brick Post,Rare,https://unturneditems.com/brick-post
1214,Brick Rampart,Rare,https://unturneditems.com/brick-rampart
1215,Brick Wall,Rare,https://unturneditems.com/brick-wall
1216,Brick Window,Rare,https://unturneditems.com/brick-window
1217,Brick Doorframe,Rare,https://unturneditems.com/brick-doorframe
1218,Brick Garageframe,Rare,https://unturneditems.com/brick-garageframe
1219,Pump Jack,Rare,https://unturneditems.com/oil-derrick
1220,Metal Rifle Rack,Epic,https://unturneditems.com/metal-rifle-rack
1221,Metal Trophy Case,Epic,https://unturneditems.com/metal-trophy-case
1222,Cagelight,Rare,https://unturneditems.com/cagelight
1223,Maple Shutter,Uncommon,https://unturneditems.com/maple-shutter
1224,Birch Shutter,Common,https://unturneditems.com/birch-shutter
1225,Pine Shutter,Rare,https://unturneditems.com/pine-shutter
1226,Metal Shutter,Epic,https://unturneditems.com/metal-shutter
1227,Tanktrap,Rare,https://unturneditems.com/tanktrap
1228,Water Tank,Epic,https://unturneditems.com/water-tank
1229,Fuel Tank,Epic,https://unturneditems.com/fuel-tank
1230,Industrial Generator,Rare,https://unturneditems.com/industrial-generator
1231,Maple Flag,Uncommon,https://unturneditems.com/maple-flag
1232,Birch Flag,Common,https://unturneditems.com/birch-flag
1233,Pine Flag,Rare,https://unturneditems.com/pine-flag
1234,Metal Flag,Epic,https://unturneditems.com/metal-flag
1235,Maple Doubledoor,Uncommon,https://unturneditems.com/maple-doubledoor
1236,Birch Doubledoor,Common,https://unturneditems.com/birch-doubledoor
1237,Pine Doubledoor,Rare,https://unturneditems.com/pine-doubledoor
1238,Metal Doubledoor,Epic,https://unturneditems.com/metal-doubledoor
1239,Slippery Metal Plate,Epic,https://unturneditems.com/slippery-metal-plate
1240,Detonator,Rare,https://unturneditems.com/remote-detonator
1241,Breaching Charge (Demolition Charge),Epic,https://unturneditems.com/breaching-charge
1242,Makeshift Grenade,Common,https://unturneditems.com/makeshift-grenade
1243,Cot / Bedframe,Common,https://unturneditems.com/cot-bedframe
1244,Sentry Gun / Auto Turret,Epic,https://unturneditems.com/sentry-gun-auto-turret
1245,Maple Counter,Uncommon,https://unturneditems.com/maple-counter
1246,Birch Counter,Common,https://unturneditems.com/birch-counter
1247,Pine Counter,Rare,https://unturneditems.com/pine-counter
1248,Metal Counter,Rare,https://unturneditems.com/metal-counter
1249,Fridge,Rare,https://unturneditems.com/fridge
1250,Oven,Rare,https://unturneditems.com/oven
1251,Maple Counter Sink,Uncommon,https://unturneditems.com/maple-counter-sink
1252,Birch Counter Sink,Common,https://unturneditems.com/birch-counter-sink
1253,Pine Counter Sink,Rare,https://unturneditems.com/pine-counter-sink
1254,Metal Counter Sink,Rare,https://unturneditems.com/metal-counter-sink
1255,Lamp,Rare,https://unturneditems.com/lamp
1256,Couch,Common,https://unturneditems.com/couch
1257,Maple Library,Uncommon,https://unturneditems.com/maple-libary
1258,Birch Library,Common,https://unturneditems.com/birch-libary
1259,Pine Library,Rare,https://unturneditems.com/pine-libary
1260,Metal Library,Epic,https://unturneditems.com/metal-libary
1261,Oxygenator,Epic,https://unturneditems.com/oxygenator
1262,Triangular Maple Floor,Uncommon,https://unturneditems.com/triangular-maple-floor
1263,Triangular Birch Floor,Common,https://unturneditems.com/triangular-birch-floor
1264,Triangular Pine Floor,Rare,https://unturneditems.com/triangular-pine-floor
1265,Triangular Metal Floor,Epic,https://unturneditems.com/triangular-metal-floor
1266,Triangular Maple Roof,Uncommon,https://unturneditems.com/triangular-maple-roof
1267,Triangular Birch Roof,Common,https://unturneditems.com/triangular-birch-roof
1268,Triangular Pine Roof,Rare,https://unturneditems.com/triangular-pine-roof
1269,Triangular Metal Roof,Epic,https://unturneditems.com/triangular-metal-roof
1270,Gasmask,Rare,https://unturneditems.com/gasmask
1271,Radiation Filter,Rare,https://unturneditems.com/radiation-filter
1272,Wall mounted blue flare,Common,https://unturneditems.com/wall-mounted-blue-flare
1273,Wall mounted green flare,Common,https://unturneditems.com/wall-mounted-green-flare
1274,Wall mounted orange flare,Common,https://unturneditems.com/wall-mounted-orange-flare
1275,Wall mounted purple flare,Common,https://unturneditems.com/wall-mounted-purple-flare
1276,Wall mounted red flare,Common,https://unturneditems.com/wall-mounted-red-flare
1277,Wall mounted yellow flare,Common,https://unturneditems.com/wall-mounted-yellow-flare
1278,Maple Wardrobe,Uncommon,https://unturneditems.com/maple-wardrobe
1279,Birch Wardrobe,Common,https://unturneditems.com/birch-wardrobe
1280,Pine Wardrobe,Rare,https://unturneditems.com/pine-wardrobe
1281,Metal Wardrobe,Epic,https://unturneditems.com/metal-wardrobe
1282,Umbrella / Parasol,Common,https://unturneditems.com/umbrella-parasol
1283,Cooler,Rare,https://unturneditems.com/cooler
1284,Maple Rectangular Table,Uncommon,https://unturneditems.com/maple-rectangular-table
1285,Birch Rectangular Table,Common,https://unturneditems.com/birch-rectangular-table
1286,Pine Rectangular Table,Rare,https://unturneditems.com/pine-rectangular-table
1287,Metal Rectangular Table,Epic,https://unturneditems.com/metal-rectangular-table
1288,Maple Circular Table,Uncommon,https://unturneditems.com/maple-circular-table
1289,Birch Circular Table,Common,https://unturneditems.com/birch-circular-table
1290,Pine Circular Table,Rare,https://unturneditems.com/pine-circular-table
1291,Maple Square Table,Epic,https://unturneditems.com/maple-square-table
1291,Metal Circular Table,Rare,https://unturneditems.com/metal-circular-table
1292,Maple Square Table,Uncommon,https://unturneditems.com/Maple-Square-Table
1293,Birch Square Table,Common,https://unturneditems.com/birch-square-table
1294,Pine Square Table,Rare,https://unturneditems.com/pine-square-table
1295,Metal Square Table,Epic,https://unturneditems.com/metal-square-table
1296,Beach Chair,Common,https://unturneditems.com/beach-chair
1297,Weak Glass,Uncommon,https://unturneditems.com/weak-glass
1298,Bulletproof Glass,Rare,https://unturneditems.com/bulletproof-glass
1299,One Way Glass,Rare,https://unturneditems.com/one-way-glass
1300,Tank Cannon,Legendary,https://unturneditems.com/tank-cannon
1302,Missile,Legendary,https://unturneditems.com/missile
1303,Blue Couch,Common,https://unturneditems.com/blue-couch
1304,Green Couch,Common,https://unturneditems.com/green-couch
1305,Orange Couch,Common,https://unturneditems.com/orange-couch
1306,Purple Couch,Common,https://unturneditems.com/purple-couch
1307,Red Couch,Common,https://unturneditems.com/red-couch
1308,Yellow Couch,Common,https://unturneditems.com/yellow-couch
1309,Blue Cot,Common,https://unturneditems.com/blue-cot
1310,Green Cot,Common,https://unturneditems.com/green-cot
1311,Orange Cot,Common,https://unturneditems.com/orange-cot
1312,Purple Cot,Common,https://unturneditems.com/purple-cot
1313,Red Cot,Common,https://unturneditems.com/red-cot
1314,Yellow Cot,Common,https://unturneditems.com/yellow-cot
1315,Blue Beach Chair,Common,https://unturneditems.com/blue-beach-chair
1316,Green Beach Chair,Common,https://unturneditems.com/green-beach-chair
1317,Orange Beach Chair,Common,https://unturneditems.com/orange-beach-chair
1318,Purple Beach Chair,Common,https://unturneditems.com/purple-beach-chair
1319,Red Beach Chair,Common,https://unturneditems.com/red-beach-chair
1320,Yellow Beach Chair,Common,https://unturneditems.com/yellow-beach-chair
1321,Blue Umbrella Barricade,Common,https://unturneditems.com/blue-umbrella-barricade
1322,Green Umbrella (Barricade),Common,https://unturneditems.com/green-umbrella-barricade
1323,Orange Umbrella (Barricade),Common,https://unturneditems.com/orange-umbrella-barricade
1324,Purple Umbrella (Barricade),Common,https://unturneditems.com/purple-umbrella-barricade
1325,Red Umbrella (Barricade),Common,https://unturneditems.com/red-umbrella-barricade
1326,Yellow Umbrella (Barricade),Common,https://unturneditems.com/yellow-umbrella-barricadde
1327,Book,Common,https://unturneditems.com/book
1328,Note,Common,https://unturneditems.com/note
1329,Maple Hatch,Uncommon,https://unturneditems.com/maple-hatch
1330,Birch Hatch,Common,https://unturneditems.com/birch-hatch
1331,Pine Hatch,Rare,https://unturneditems.com/pine-hatch
1332,Metal Hatch,Epic,https://unturneditems.com/metal-hatch
1333,Russian Military Top,Rare,https://unturneditems.com/russian-military-top
1334,Russian Military Bottom,Rare,https://unturneditems.com/russian-military-bottom
1335,Russian Military Helmet,Rare,https://unturneditems.com/russian-military-helmet
1336,Russian Military Vest,Rare,https://unturneditems.com/russian-military-vest
1337,Paintball Gun,Uncommon,https://unturneditems.com/paintball-gun
1339,Blue Paintball Hopper,Uncommon,https://unturneditems.com/blue-paintball-hopper
1340,Green Paintball Hopper,Uncommon,https://unturneditems.com/green-paintball-hopper
1341,Orange Paintball Hopper,Uncommon,https://unturneditems.com/orange-paintball-hopper
1342,Purple Paintball Hopper,Uncommon,https://unturneditems.com/purple-paintball-hopper
1343,Red Paintball Hopper,Uncommon,https://unturneditems.com/red-paintball-hopper
1344,Yellow Paintball Hopper,Uncommon,https://unturneditems.com/yellow-paintball-hopper
1345,Farming Plot,Rare,https://unturneditems.com/farming-plot
1346,Flashbang,Rare,https://unturneditems.com/flashbang
1347,Raw Minnow,Common,https://unturneditems.com/raw-minnow
1348,Cooked Minnow,Common,https://unturneditems.com/cooked-minnow
1349,Raw Goldfish,Common,https://unturneditems.com/raw-goldfish
1350,Cooked Goldfish,Common,https://unturneditems.com/cooked-goldfish
1351,Raw Bass,Rare,https://unturneditems.com/raw-bass
1352,Cooked Bass,Rare,https://unturneditems.com/cooked-bass
1353,Stealy Wheely Automobiley,Uncommon,https://unturneditems.com/stealy-wheely-automobiley
1353,Stealy Wheely Automobiley,Uncommon,https://unturneditems.com/car-picklock
1354,Russian Ghillie Top,Epic,https://unturneditems.com/russian-ghillie-top
1355,Russian Ghillie Bottom,Epic,https://unturneditems.com/russian-ghillie-bottom
1356,Russian Ghillie Hood,Epic,https://unturneditems.com/russian-ghillie-hood
1357,Russian Ghillie Vest,Epic,https://unturneditems.com/russian-ghillie-vest
1358,Pilot Top,Uncommon,https://unturneditems.com/pilot-top
1359,Pilot Cap,Uncommon,https://unturneditems.com/pilot-cap
1360,Teklowvka,Rare,https://unturneditems.com/teklowvka
1361,Teklowvka Magazine,Rare,https://unturneditems.com/teklowvka-magazine
1362,Augewehr,Epic,https://unturneditems.com/augewehr
1362,Augewehr,Epic,https://unturneditems.com/Augewehr
1363,Augewehr Scope,Epic,https://unturneditems.com/Augewehr-Scope
1364,Hells Fury,Legendary,https://unturneditems.com/hells-fury
1365,Hell's Fury Drum,Legendary,https://unturneditems.com/hells-fury-drum
1366,Vonya,Rare,https://unturneditems.com/vonya
1367,Vonya Iron Sights,Common,https://unturneditems.com/Vonya-Iron-Sights
1368,Vonya Magazine,Rare,https://unturneditems.com/vonya-magazine
1369,Bulldog,Rare,https://unturneditems.com/bulldog
1370,Bulldog Iron Sights,Common,https://unturneditems.com/Bulldog-Iron-Sights
1371,Bulldog Magazine,Rare,https://unturneditems.com/bulldog-magazine
1372,Friendly Sentry,Epic,https://unturneditems.com/friendly-sentry
1373,Hostile Sentry,Epic,https://unturneditems.com/hostile-sentry
1375,Fusilaut,Epic,https://unturneditems.com/fusilaut
1376,Fusilaut Iron Sights,Common,https://unturneditems.com/Fusilaut-Iron-Sights
1377,Nightraider,Epic,https://unturneditems.com/nightraider
1378,Nightraider Iron Sights,Common,https://unturneditems.com/nightraider-iron-sights
1379,Calling Card,Rare,https://unturneditems.com/calling-card
1380,Calling Card Iron Sights,Common,https://unturneditems.com/Card-Iron-Sights
1381,Calling Card Magazine,Rare,https://unturneditems.com/calling-card-magazine
1382,Ekho,Legendary,https://unturneditems.com/ekho
1383,Ekho Iron Sights,Common,https://unturneditems.com/Ekho-Iron-Sights
1384,Ekho Magazine,Legendary,https://unturneditems.com/ekho-magazine
1385,Mafia Fedora,Uncommon,https://unturneditems.com/mafia-fedora
1386,Mafia Tuxedo Top,Uncommon,https://unturneditems.com/mafia-tuxedo-top
1387,Mafia Tuxedo Bottom,Uncommon,https://unturneditems.com/mafia-tuxedo-bottom
1388,Russian Beret,Uncommon,https://unturneditems.com/russian-beret
1389,Spec Ops Beret,Legendary,https://unturneditems.com/spec-ops-beret
1390,Pool Cue,Common,https://unturneditems.com/pool-cue
1391,Tracksuit Top,Common,https://unturneditems.com/tracksuit-top
1392,Tracksuit Bottom,Common,https://unturneditems.com/tracksuit-bottom
1393,Precision Charge,Epic,https://unturneditems.com/precision-charge
1394,Heavy Machine Gun (HMG),Epic,https://unturneditems.com/heavy-machine-gun-hmg
1395,Heavy Machine Gun Box (HMG Box),Epic,https://unturneditems.com/hmg-box
1396,Ghillie Netting,Epic,https://unturneditems.com/ghillie-netting
1397,Russia Ghillie Netting,Epic,https://unturneditems.com/russia-ghillie-netting
1398,Trout Sandwich,Rare,https://unturneditems.com/trout-sandwich
1399,Salmon Sandwich,Rare,https://unturneditems.com/salmon-sandwich
1400,Minnow Sandwich,Rare,https://unturneditems.com/minnow-sandwich
1401,Goldfish Sandwich,Rare,https://unturneditems.com/goldfish-sandwich
1402,Venison Sandwich,Rare,https://unturneditems.com/venison-sandwich
1403,Bass Sandwich,Rare,https://unturneditems.com/bass-sandwich
1404,Beef Sandwich,Rare,https://unturneditems.com/beef-sandwich
1405,Cheese Steak Sandwich,Rare,https://unturneditems.com/cheese-steak-sandwich
1406,BLT Sandwich,Rare,https://unturneditems.com/BLT-Sandwich
1407,Beef Sandwich (Inorganic),Rare,https://unturneditems.com/beef-sandwich-inorganic
1408,Cloth Mannequin,Uncommon,https://unturneditems.com/cloth-mannequin
1409,Metal Mannequin,Epic,https://unturneditems.com/metal-mannequin
1410,Maple Plaque,Uncommon,https://unturneditems.com/maple-plaque
1411,Birch Plaque,Common,https://unturneditems.com/birch-plaque
1412,Pine Plaque,Rare,https://unturneditems.com/pine-plaque
1413,Metal Plaque,Epic,https://unturneditems.com/metal-plaque
1414,Maple Ramp Wall,Common,https://unturneditems.com/maple-ramp-wall
1415,Birch Ramp Wall,Common,https://unturneditems.com/birch-ramp-wall
1416,Pine Ramp Wall,Common,https://unturneditems.com/pine-ramp-wall
1417,Metal Ramp Wall,Common,https://unturneditems.com/metal-ramp-wall
1418,Brick Ramp Wall,Common,https://unturneditems.com/brick-ramp-wall
1419,Coalition Bottom,Uncommon,https://unturneditems.com/Coalition-Bottom
1420,Ensign Coalition Top,Uncommon,https://unturneditems.com/Ensign-Coalition-Top
1421,Lieutenant Coalition Top,Rare,https://unturneditems.com/Lieutenant-Coalition-Top
1422,Major Coalition Top,Epic,https://unturneditems.com/Major-Coalition-Top
1423,Commander Coalition Top,Legendary,https://unturneditems.com/Commander-Coalition-Top
1424,Captain Coalition Top,Legendary,https://unturneditems.com/Captain-Coalition-Top
1425,Coalition Vest,Rare,https://unturneditems.com/Coalition-Vest
1426,Coalition Cap,Uncommon,https://unturneditems.com/Coalition-Cap
1427,Coalition Helmet,Rare,https://unturneditems.com/Coalition-Helmet
1428,Coalition Beret,Epic,https://unturneditems.com/Coalition-Beret
1429,Coalition Captain Hat,Legendary,https://unturneditems.com/Coalition-Captain-Hat
1430,Upgraded Cake Blueprint,Common,https://unturneditems.com/Upgraded-Cake-Blueprint
1431,Upgraded Cake,Epic,https://unturneditems.com/Upgraded-Cake
1432,Upgraded Fishing Rod,Epic,https://unturneditems.com/Upgraded-Fishing-Rod
1433,Upgraded Fishing Rod Blueprint,Common,https://unturneditems.com/Upgraded-Fishing-Rod-Blueprint
1434,Raw Squid,Epic,https://unturneditems.com/Raw-Squid
1435,Cooked Squid,Epic,https://unturneditems.com/Cooked-Squid
1436,Quadbarrel,Epic,https://unturneditems.com/quadbarrel
1437,Quadbarrel Blueprint,Common,https://unturneditems.com/quadbarrel-blueprint
1438,Bayonet,Rare,https://unturneditems.com/bayonet
1439,Bayonet Blueprint,Common,https://unturneditems.com/bayonet-blueprint
1440,Industrial Gas Can,Rare,https://unturneditems.com/industrial-gas-can
1441,Shadowstalker Mk II (Mk 2),Mythical,https://unturneditems.com/Shadowstalker-Mk-II
1442,Shadowstalker Mk II (Mk 2) Scope,Mythical,https://unturneditems.com/Shadowstalker-Mk-II-Scope
1443,Shadowstalker Mk II (Mk 2) Drum,Mythical,https://unturneditems.com/Shadowstalker-Mk-II-Drum
1444,Bluntforce Muffler,Common,https://unturneditems.com/bluntforce-muffler
1445,Walkie Talkie,Rare,https://unturneditems.com/Walkie-Talkie
1446,Earpiece,Rare,https://unturneditems.com/earpiece
1447,Scalar,Rare,https://unturneditems.com/scalar
1448,Scalar Iron Sights,Common,https://unturneditems.com/scalar-iron-sights
1449,Scalar Magazine,Epic,https://unturneditems.com/scalar-magazine
1450,Vehicle Battery,Uncommon,https://unturneditems.com/vehicle-battery
1451,Tire,Uncommon,https://unturneditems.com/tire
1452,Whole Coconut,Common,https://unturneditems.com/whole-coconut
1453,Split Coconut,Common,https://unturneditems.com/split-coconut
1454,Black Trunks,Common,https://unturneditems.com/black-trunks
1455,Blue Trunks,Common,https://unturneditems.com/blue-trunks
1456,Green Trunks,Common,https://unturneditems.com/green-trunks
1457,Orange Trunks,Common,https://unturneditems.com/orange-trunks
1458,Purple Trunks,Common,https://unturneditems.com/purple-trunks
1459,Red Trunks,Common,https://unturneditems.com/red-trunks
1460,White Trunks,Common,https://unturneditems.com/white-trunks
1461,Yellow Trunks,Common,https://unturneditems.com/yellow-trunks
1462,Coastguard Top,Common,https://unturneditems.com/coastguard-top
1463,Coastguard Bottom,Uncommon,https://unturneditems.com/coastguard-bottom
1464,Blindfold,Uncommon,https://unturneditems.com/blindfold
1465,Picket Sign,Common,https://unturneditems.com/picket-sign
1466,Stereo,Common,https://unturneditems.com/stereo
1467,Maple Placard,Uncommon,https://unturneditems.com/Maple-Placard
1468,Birch Placard,Common,https://unturneditems.com/Birch-Placard
1469,Pine Placard,Rare,https://unturneditems.com/Pine-Placard
1470,Metal Placard,Epic,https://unturneditems.com/Metal-Placard
1471,(temp) Fighter Jet HMG,Epic,https://unturneditems.com/fighter-jet-hmg
1472,Fighter Jet Hat,Rare,https://unturneditems.com/fighter-jet-hat
1473,Fighter Jet Top,Rare,https://unturneditems.com/fighter-jet-top
1474,Fighter Jet Bottom,Rare,https://unturneditems.com/fighter-jet-bottom
1475,Jackhammer,Uncommon,https://unturneditems.com/jackhammer
1476,Luger,Rare,https://unturneditems.com/luger
1477,MP40 Maschinengewehr,Epic,https://unturneditems.com/mp40-maschinengewehr
1479,MP40 Maschinengewehr Magazine,Epic,https://unturneditems.com/mp40-maschinengewehr-magazine
1480,Determinator,Uncommon,https://unturneditems.com/determinator
1481,Empire,Rare,https://unturneditems.com/empire
1482,Empire Iron Sights,Common,https://unturneditems.com/empire-iron-sights
1483,Empire Magazine,Rare,https://unturneditems.com/empire-magazine
1484,Devil's Bane,Epic,https://unturneditems.com/devils-bane
1485,Devil's Bane Magazine,Epic,https://unturneditems.com/devils-bane-magazine
1486,Devil's Bane Iron Sights,Common,https://unturneditems.com/devils-bane-iron-sight
1487,Luger Magazine,Common,https://unturneditems.com/luger-magazine
1488,Swissgewher,Rare,https://unturneditems.com/swissgewher
1489,Swissgewehr Iron Sights,Common,https://unturneditems.com/swissgewehr-iron-sights
1490,Swissgewehr Magazine,Rare,https://unturneditems.com/swissgewehr-magazine
1491,Military Top,Rare,https://unturneditems.com/military-top
1492,Ghillie Top Peaks,Rare,https://unturneditems.com/ghillie-top-peaks
1493,Ghillie Bottom Peaks,Epic,https://unturneditems.com/ghillie-bottom-peaks
1494,Ghillie Hood Peaks,Epic,https://unturneditems.com/ghillie-hood-peaks
1495,Ghillie Vest Peaks,Epic,https://unturneditems.com/ghillie-vest-peaks
1498,Lederhosen Top,Uncommon,https://unturneditems.com/lederhosen-top
1499,Lederhosen Bottom,Uncommon,https://unturneditems.com/lederhosen-bottom
1500,Ghillie Nettings,Epic,https://unturneditems.com/ghillie-nettings
1501,EA Tee,Uncommon,https://unturneditems.com/ea-tee
1502,EA Beret,Uncommon,https://unturneditems.com/ea-beret
1503,Zweihander,Epic,https://unturneditems.com/Zweihander
1504,Pickelhaube,Rare,https://unturneditems.com/pickelhaube
1505,Kaiser Top,Rare,https://unturneditems.com/kaiser-top
1506,Kaiser Bottom,Rare,https://unturneditems.com/kaiser-bottom
1507,Socketwrench,Uncommon,https://unturneditems.com/socketwrench
1508,Compass,Rare,https://unturneditems.com/compass
1509,Clock,Epic,https://unturneditems.com/wall-clock
1510,Explosive Chewing Gum,Epic,https://unturneditems.com/explosive-chewing-gum
1511,Arctic Alicepack,Common,https://unturneditems.com/arctic-alicepack
1512,Arctic Ghillie Top,Common,https://unturneditems.com/arctic-ghillie-top
1513,Arctic Ghillie Bottom,Common,https://unturneditems.com/arctic-ghillie-bottom
1514,Arctic Ghillie Vest,Common,https://unturneditems.com/arctic-ghillie-vest
1515,Arctic Ghillie Hood,Common,https://unturneditems.com/arctic-ghillie-hood
1516,Arctic Military Top,Common,https://unturneditems.com/arctic-military-top
1517,Arctic Military Bottom,Common,https://unturneditems.com/arctic-military-bottom
1518,Arctic Military Vest,Common,https://unturneditems.com/arctic-military-vest
1519,Arctic Military Helmet,Common,https://unturneditems.com/arctic-military-helmet
1520,Impact Grenade,Common,https://unturneditems.com/impact-grenade
1524,Zero Kelvin Weapon Kit,Common,https://unturneditems.com/zero-kelvin-weapon-kit
1526,Lil' EBR Rapper Hoodie (Belgium Update),Common,https://unturneditems.com/lil-ebr-rapper-hoodie
1527,Lil EBR Rapper Pants (Belgium Update),Common,https://unturneditems.com/lil-ebr-rapper-pants
1528,Belgian Infantry Backpack (Belgium),Common,https://unturneditems.com/belgian-infantry-backpack
1529,Belgian Infantry Gear (Belgium),Common,https://unturneditems.com/belgian-infantry-gear
1530,Belgian Infantry Helmet (Belgium),Common,https://unturneditems.com/belgian-infantry-helmet
1531,Belgian Infantry Top (Belgium),Common,https://unturneditems.com/belgian-infantry-top
1532,Belgian Infantry Bottom (Belgium),Common,https://unturneditems.com/belgian-infantry-bottom
2010,Mushroom,Common,https://unturneditems.com/mushroom
2011,Roasted Mushroom,Common,https://unturneditems.com/roasted-mushroom
2013,Mushroom P,Common,https://unturneditems.com/mushroom-p
2014,Obsidian Axe,Common,https://unturneditems.com/obsidian-axe
2015,Obsidian Club,Common,https://unturneditems.com/obsidian-club
2016,Aegis Security Top,Rare,https://unturneditems.com/aegis-security-top
2017,Aegis Security Bottom,Rare,https://unturneditems.com/aegis-security-bottom
2018,Aegis Lab Top,Uncommon,https://unturneditems.com/aegis-lab-top
2019,Aegis Lab Bottoms,Uncommon,https://unturneditems.com/aegis-lab-bottoms
2020,Shark-Tooth Sword,Legendary,https://unturneditems.com/shark-tooth-sword
2021,Raft Makeshift Vehicle,Epic,https://unturneditems.com/raft-makeshift-vehicle
2022,Gyro Makeshift Vehicle,Epic,https://unturneditems.com/gyro-makeshift-vehicle
3000,Security Shirt (France),Common,https://unturneditems.com/security-shirt-france
3001,Security Guard Cap (France),Common,https://unturneditems.com/security-guard-cap-france
3002,Carabine (France),Common,https://unturneditems.com/carabine-france
3003,Carabine Sights (France),Common,https://unturneditems.com/carabine-sights-france
3004,Carabine Clip (France),Common,https://unturneditems.com/carabine-clip-france
3005,Musket (France),Common,https://unturneditems.com/musket-france
3006,Musket Cartridge (France),Common,https://unturneditems.com/musket-cartridge-france
3007,Upgraded Musket (France),Common,https://unturneditems.com/upgraded-musket-france
3008,Kestrel (France),Common,https://unturneditems.com/kestrel-france
3009,Kestrel Sights (France),Common,https://unturneditems.com/kestrel-sights-france
3010,Kestrel Magazine (France),Common,https://unturneditems.com/kestrel-magazine-france
3011,Kestrel Extended Magazine (France),Common,https://unturneditems.com/kestrel-extended-magazine-france
3012,Extended Masterkey (France),Common,https://unturneditems.com/extended-masterkey-france
3013,Extended Masterkey Barrels (France),Common,https://unturneditems.com/extended-masterkey-barrels-france
3014,Single Shot Shotgun (France),Common,https://unturneditems.com/single-shot-shotgun-france
3015,Military Top Normal (France),Common,https://unturneditems.com/military-top-normal-france
3016,Military Bottom (France),Common,https://unturneditems.com/military-bottom-france
3017,Military Top Gloved (France),Common,https://unturneditems.com/military-top-gloved-france
3018,Military Cargo Bottom (France),Common,https://unturneditems.com/military-cargo-bottom-france
3019,Military Vest (France),Common,https://unturneditems.com/military-vest-france
3020,Kepi (France),Common,https://unturneditems.com/kepi-france
3021,French Beret (France),Common,https://unturneditems.com/french-beret-france
3022,Military Helmet (France),Common,https://unturneditems.com/military-helmet-france
3023,Fusilette (France),Common,https://unturneditems.com/fusilette-france
3024,Fusilette Sights (France),Common,https://unturneditems.com/fusilette-sights-france
3025,Fusilette Magazine (France),Common,https://unturneditems.com/fusilette-magazine-france
3026,Rubicon (France),Common,https://unturneditems.com/rubicon-france
3027,Rubicon Sights (France),Common,https://unturneditems.com/rubicon-sights-france
3028,Rubicon Magazine (France),Common,https://unturneditems.com/rubicon-magazine-france
3029,Riot Uniform Top Light (France),Common,https://unturneditems.com/riot-uniform-top-light-france
3030,Riot Uniform Bottom Light (France),Common,https://unturneditems.com/riot-uniform-bottom-light-france
3031,Riot Uniform Top Dark (France),Common,https://unturneditems.com/riot-uniform-top-dark-france
3032,Riot Uniform Bottom Dark (France),Common,https://unturneditems.com/riot-uniform-bottom-dark-france
3033,Rattlesnake (France),Common,https://unturneditems.com/rattlesnake-france
3034,Rattlesnake Barrel (France),Common,https://unturneditems.com/rattlesnake-barrel-france
3035,Viper Drum (France),Common,https://unturneditems.com/viper-drum-france
3036,Banshee (France),Common,https://unturneditems.com/banshee-france
3037,Banshee Sights (France),Common,https://unturneditems.com/banshee-sights-france
3038,Banshee Magazine (France),Common,https://unturneditems.com/banshee-magazine-france
3039,Corsican (France),Common,https://unturneditems.com/corsican-france
3040,Corsican Magazine (France),Common,https://unturneditems.com/corsican-magazine-france
3041,Genaugewehr (France),Common,https://unturneditems.com/genaugewehr-france
3042,Genaugewehr Sights (France),Common,https://unturneditems.com/genaugewehr-sights-france
3043,Vanguard (France),Common,https://unturneditems.com/vanguard-france
3044,Vanguard Sights (France),Common,https://unturneditems.com/vanguard-sights-france
3045,Rhino (France),Common,https://unturneditems.com/rhino-france
3046,Rhino Sights (France),Common,https://unturneditems.com/rhino-sights-france
3047,Rhino Box (France),Common,https://unturneditems.com/rhino-box-france
3048,Rhino Large Box (France),Common,https://unturneditems.com/rhino-large-box-france
3049,Hecate (France),Common,https://unturneditems.com/hecate-france
3050,Hecate Sights (France),Common,https://unturneditems.com/hecate-sights-france
3051,Hecate Magazine (France),Common,https://unturneditems.com/hecate-magazine-france
3052,Herstal (France),Common,https://unturneditems.com/herstal-france
3053,Herstal Sights (France),Common,https://unturneditems.com/herstal-sights-france
3054,Herstal Magazine (France),Common,https://unturneditems.com/herstal-magazine-france
3055,Herstal Drum (France),Common,https://unturneditems.com/herstal-drum-france
3056,Flamethrower (France),Common,https://unturneditems.com/flamethrower-france
3057,Napalm Tank (France),Common,https://unturneditems.com/napalm-tank-france
3058,Insurgent Gun (France),Common,https://unturneditems.com/insurgent-gun-france
3059,Sagaie Cannon (France),Common,https://unturneditems.com/sagaie-cannon-france
3060,HVAP Shell (France),Common,https://unturneditems.com/hvap-shell-france
3061,Autocannon Single (France),Common,https://unturneditems.com/autocannon-single-france
3062,Autocannon AP Shells (France),Common,https://unturneditems.com/autocannon-ap-shells-france
3063,Autocannon Tracer Shells (France),Common,https://unturneditems.com/autocannon-tracer-shells-france
3064,Autocannon HE Shells (France),Common,https://unturneditems.com/autocannon-he-shells-france
3065,Autocannon Incendiary Shells (France),Common,https://unturneditems.com/autocannon-incendiary-shells-france
3066,Riot Vest Light (France),Common,https://unturneditems.com/riot-vest-light-france
3067,Riot Vest Dark (France),Common,https://unturneditems.com/riot-vest-dark-france
3068,Riot Helmet Light (France),Common,https://unturneditems.com/riot-helmet-light-france
3069,Riot Helmet Dark (France),Common,https://unturneditems.com/riot-helmet-dark-france
3070,Police Parka (France),Common,https://unturneditems.com/police-parka-france
3071,Cheese Wheel (France),Common,https://unturneditems.com/cheese-wheel-france
3072,Olive Hecate (France),Common,https://unturneditems.com/olive-hecate-france
3073,10x Scope (France),Common,https://unturneditems.com/10x-scope-france
3074,Hunting Scope (France),Common,https://unturneditems.com/hunting-scope-france
3075,Autocannon Twin (France),Common,https://unturneditems.com/autocannon-twin-france
3076,Police Cargo Pants (France),Common,https://unturneditems.com/police-cargo-pants-france
3077,Train Gun (France),Common,https://unturneditems.com/train-gun-france
3078,Monsieur (France),Common,https://unturneditems.com/monsieur-france
3079,Monsieur Clip (France),Common,https://unturneditems.com/monsieur-clip-france
3080,Chester (France),Common,https://unturneditems.com/chester-france
3081,Police Cap (France),Common,https://unturneditems.com/police-cap-france
3082,Military Rucksack (France),Common,https://unturneditems.com/military-rucksack-france
3083,Alicepack (France),Common,https://unturneditems.com/alicepack-france
3084,Baguette (France),Common,https://unturneditems.com/baguette-france
3085,Stale Baguette (France),Common,https://unturneditems.com/stale-baguette-france
3086,Sawed-Off Stale Baguette (France),Common,https://unturneditems.com/sawed-off-stale-baguette-france
3087,Military Launcher (France),Common,https://unturneditems.com/military-launcher-france
3088,Military Rocket (France),Common,https://unturneditems.com/military-rocket-france
3089,Military Launcher Scope (France),Common,https://unturneditems.com/military-launcher-scope-france
3090,Homemade Napalm Recipe (France),Common,https://unturneditems.com/homemade-napalm-recipe-france
3091,Makeshift Napalm Tank (France),Common,https://unturneditems.com/makeshift-napalm-tank-france
3092,Colonel Kepi (France),Common,https://unturneditems.com/colonel-kepi-france
3093,Focus Rifle (France),Common,https://unturneditems.com/focus-rifle-france
3094,Focus DMR (France),Common,https://unturneditems.com/focus-dmr-france
3095,Focus Carbine (France),Common,https://unturneditems.com/focus-carbine-france
3096,Focus Rifle Sight (France),Common,https://unturneditems.com/focus-rifle-sight-france
3097,Energy Cell (France),Common,https://unturneditems.com/energy-cell-france
3098,Riot Cap Light (France),Common,https://unturneditems.com/riot-cap-light-france
3099,Riot Cap Dark (France),Common,https://unturneditems.com/riot-cap-dark-france
3100,Heavy Crossbow (France),Common,https://unturneditems.com/heavy-crossbow-france
3101,Crossbow Bolt (France),Common,https://unturneditems.com/crossbow-bolt-france
3102,Heavy_Crossbow_Barrel (France),Common,https://unturneditems.com/heavy_crossbow_barrel-france
3103,Shake_Grip (France),Common,https://unturneditems.com/shake_grip-france
3104,Ghillie Top (France),Common,https://unturneditems.com/ghillie-top-france
3105,Ghillie Bottom (France),Common,https://unturneditems.com/ghillie-bottom-france
3106,Ghillie Hood (France),Common,https://unturneditems.com/ghillie-hood-france
3107,Ghillie Vest (France),Common,https://unturneditems.com/ghillie-vest-france
3108,Kriegs (France),Common,https://unturneditems.com/kriegs-france
3109,Kriegs Sights (France),Common,https://unturneditems.com/kriegs-sights-france
3110,Kriegs Magazine (France),Common,https://unturneditems.com/kriegs-magazine-france
3111,Karus (France),Common,https://unturneditems.com/karus-france
3112,Karus Sights (France),Common,https://unturneditems.com/karus-sights-france
3113,Karus Drum (France),Common,https://unturneditems.com/karus-drum-france
3114,Focus Rifle Scope (France),Common,https://unturneditems.com/focus-rifle-scope-france
3115,Ranger Helmet (France),Common,https://unturneditems.com/ranger-helmet-france
3116,Focus Prototype (France),Common,https://unturneditems.com/focus-prototype-france
3117,Nutrition Bar (France),Common,https://unturneditems.com/nutrition-bar-france
3118,Ghillie Backpack (France),Common,https://unturneditems.com/ghillie-backpack-france
3119,Cartridge Mold (France),Common,https://unturneditems.com/cartridge-mold-france
3120,Musket Coin Shot (France),Common,https://unturneditems.com/musket-coin-shot-france
3121,Kriegs Extended Magazine (France),Common,https://unturneditems.com/kriegs-extended-magazine-france
3500,Multiple Launch Rocket System,Common,https://unturneditems.com/multiple-launch-rocket-system
3501,MLRS Pod,Common,https://unturneditems.com/mlrs-pod
3502,MLRS Rocket,Common,https://unturneditems.com/mlrs-rocket
3503,Grasslands Military Top,Common,https://unturneditems.com/grasslands-military-top
3504,Grasslands Military Bottom,Common,https://unturneditems.com/grasslands-military-bottom
3505,Lance Corporal Military Top,Common,https://unturneditems.com/lance-corporal-military-top
3506,Corporal Military Top,Common,https://unturneditems.com/corporal-military-top
3507,Sergeant Military Top,Common,https://unturneditems.com/sergeant-military-top
3508,Sergeant 1st Class Military Top,Common,https://unturneditems.com/sergeant-1st-class-military-top
3509,Master Sergeant Military Top,Common,https://unturneditems.com/master-sergeant-military-top
3510,Grasslands Military Vest,Common,https://unturneditems.com/grasslands-military-vest
3511,Military Boonie Cap,Common,https://unturneditems.com/military-boonie-cap
3512,Chimera,Common,https://unturneditems.com/chimera
3513,Chimera Magazine,Common,https://unturneditems.com/chimera-magazine
3514,Chimera Iron Sights,Common,https://unturneditems.com/chimera-iron-sights
3515,Kopis,Common,https://unturneditems.com/kopis
3516,Kopis Magazine,Common,https://unturneditems.com/kopis-magazine
3517,Lancer,Common,https://unturneditems.com/lancer
3518,Lancer Rocket,Common,https://unturneditems.com/lancer-rocket
3519,Lancer Scope,Common,https://unturneditems.com/lancer-scope
3520,Backlash,Common,https://unturneditems.com/backlash
3521,Backlash Iron Sights,Common,https://unturneditems.com/backlash-iron-sights
3522,Lockdown,Common,https://unturneditems.com/lockdown
3523,Lockdown Magazine,Common,https://unturneditems.com/lockdown-magazine
3524,Lockdown Iron Sights,Common,https://unturneditems.com/lockdown-iron-sights
3525,Omega Uniform Bottoms,Common,https://unturneditems.com/omega-uniform-bottoms
3526,Omega Hoplite Top,Common,https://unturneditems.com/omega-hoplite-top
3527,Omega Captain Top,Common,https://unturneditems.com/omega-captain-top
3528,Omega Battalion Leader Top,Common,https://unturneditems.com/omega-battalion-leader-top
3529,Omega Colonel Top,Common,https://unturneditems.com/omega-colonel-top
3530,Omega Brigadier Top,Common,https://unturneditems.com/omega-brigadier-top
3531,Omega Beanie Cap,Common,https://unturneditems.com/omega-beanie-cap
3532,Military Beanie Cap,Common,https://unturneditems.com/military-beanie-cap
3533,Omega Uniform Top,Common,https://unturneditems.com/omega-uniform-top
3534,General Top,Common,https://unturneditems.com/general-top
3535,Official Top,Common,https://unturneditems.com/official-top
3536,Grasslands Military Helmet,Common,https://unturneditems.com/grasslands-military-helmet
3537,Police Helmet,Common,https://unturneditems.com/police-helmet
4000,Platinum Ring,Legendary,https://unturneditems.com/platinum-ring
9000,Thunderwulf (Belgium),Common,https://unturneditems.com/thunderwulf
9001,Thunderwulf Mag (Belgium),Common,https://unturneditems.com/thunderwulf-mag
9002,Thunderwulf Iron Sights (Belgium),Common,https://unturneditems.com/thunderwulf-iron-sights-belgium
9003,Vulture (Belgium),Common,https://unturneditems.com/vulture
9004,Vulture Iron Sights (Belgium),Common,https://unturneditems.com/vulture-iron-sights-belgium
9005,Scourge (Belgium),Common,https://unturneditems.com/scourge-belgium
9006,Scourge Mag (Belgium),Common,https://unturneditems.com/scourge-mag-belgium
9009,Woodlands Military Top (Belgium),Common,https://unturneditems.com/woodlands-military-top-belgium
9010,Woodlands Military Bottom (Belgium),Common,https://unturneditems.com/woodlands-military-bottom-belgium
9011,Woodlands Military Vest (Belgium),Common,https://unturneditems.com/woodlands-military-vest-belgium
9012,Woodlands Beret (Belgium),Common,https://unturneditems.com/woodlands-beret-belgium
9013,Woodlands Military Helmet (Belgium),Common,https://unturneditems.com/woodlands-military-helmet-belgium
9014,Woodlands Ghillie Top (Belgium),Common,https://unturneditems.com/woodlands-ghillie-top-belgium
9015,Woodlands Ghillie Bottom (Belgium),Common,https://unturneditems.com/woodlands-ghillie-bottom-belgium
9016,Woodlands Ghillie Vest (Belgium),Common,https://unturneditems.com/woodlands-ghillie-vest-belgium
9017,Woodlands Ghillie Hood (Belgium),Common,https://unturneditems.com/woodlands-ghillie-hood-belgium
9018,Belgium Police Top (Belgium),Common,https://unturneditems.com/belgium-police-top-belgium
9019,Belgium Police Bottom (Belgium),Common,https://unturneditems.com/belgium-police-bottom-belgium
9020,Belgium Police Vest (Belgium),Common,https://unturneditems.com/belgium-police-vest-belgium
9021,Acid Gun (Belgium),Common,https://unturneditems.com/acid-gun-belgium
9022,Acid Canister (Belgium),Common,https://unturneditems.com/acid-canister-belgium
9024,Alphadragon (Belgium),Common,https://unturneditems.com/alphadragon-belgium
9025,Alphadragon Iron Sight (Belgium),Common,https://unturneditems.com/alphadragon-iron-sight-belgium
9026,Phoenix (Belgium),Common,https://unturneditems.com/phoenix-belgium
9027,Phoenix Magazine (Belgium),Common,https://unturneditems.com/phoenix-magazine-belgium
9028,Hartgewher (Belgium),Common,https://unturneditems.com/hartgewher-belgium
9029,Hartgewher Iron Sight (Belgium),Common,https://unturneditems.com/hartgewher-iron-sight-belgium
9030,Leistung (Belgium),Common,https://unturneditems.com/leistung-belgium
9031,Leistung Mag (Belgium),Common,https://unturneditems.com/leistung-mag-belgium
9032,Belgian Eclair (Belgium),Common,https://unturneditems.com/belgian-eclair
9033,Slip (Belgium),Common,https://unturneditems.com/slip-belgium
9034,Slip Iron Sight (Belgium),Common,https://unturneditems.com/slip-iron-sight-belgium
9037,Belgium Prisoner Top (Belgium),Common,https://unturneditems.com/belgium-prisoner-top-belgium
9038,Belgium Prisoner Bottom (Belgium),Common,https://unturneditems.com/belgium-prisoner-bottom-belgium
9039,Belgium Prisoner Hat (Belgium),Common,https://unturneditems.com/belgium-prisoner-hat-belgium
9040,Sailor Top (Belgium),Common,https://unturneditems.com/sailor-top-belgium
9041,Sailor Bottom (Belgium),Common,https://unturneditems.com/sailor-bottom-belgium
9042,Sailor Hat (Belgium),Common,https://unturneditems.com/sailor-hat-belgium
9043,Sailor Captain Top (Belgium),Common,https://unturneditems.com/sailor-captain-top-belgium
9044,Sailor Captain Bottom (Belgium),Common,https://unturneditems.com/sailor-captain-bottom-belgium
9045,Sailor Captain Hat (Belgium),Common,https://unturneditems.com/sailor-captain-hat-belgium
9046,Belgian Creampuff (Belgium),Common,https://unturneditems.com/belgian-creampuff
15000,IFR Top Recruit,Common,https://unturneditems.com/ifr-top-recruit-
15001,IFR Bottom,Common,https://unturneditems.com/ifr-bottom-
15002,Beret IFR,Common,https://unturneditems.com/beret-ifr-
15003,Ireland Bottom,Common,https://unturneditems.com/ireland-bottom-
15004,Ireland Top Private,Common,https://unturneditems.com/ireland-top-private-
15005,Ireland Top Lieutenant,Common,https://unturneditems.com/ireland-top-lieutenant-
15006,Ireland Top Major,Common,https://unturneditems.com/ireland-top-major-
15007,Beret Ireland,Common,https://unturneditems.com/beret-ireland-
15009,Bandana IFR,Common,https://unturneditems.com/bandana-ifr-
15010,Asylum Bottom,Common,https://unturneditems.com/asylum-bottom-
15011,Asylum Top,Common,https://unturneditems.com/asylum-top-
15012,Chainmail Top,Common,https://unturneditems.com/chainmail-top-
15013,Chainmail Bottom,Common,https://unturneditems.com/chainmail-bottom-
15014,IFR Top Officer,Common,https://unturneditems.com/ifr-top-officer-
15015,IFR Top Commander,Common,https://unturneditems.com/ifr-top-commander-
15020,Garda Top,Common,https://unturneditems.com/garda-top-
15021,Firefighter Top Ireland,Common,https://unturneditems.com/firefighter-top-ireland-
15022,Firefighter Bottom Ireland,Common,https://unturneditems.com/firefighter-bottom-ireland-
15023,Prisoner Top Coalition,Common,https://unturneditems.com/prisoner-top-coalition-
15024,Prisoner Bottom Coalition,Common,https://unturneditems.com/prisoner-bottom-coalition-
15025,Vest Garda,Common,https://unturneditems.com/vest-garda-
15030,Butcher Top,Common,https://unturneditems.com/butcher-top-
15031,Butcher Bottom,Common,https://unturneditems.com/butcher-bottom-
15032,Butcher Top Fish,Common,https://unturneditems.com/butcher-top-fish-
15033,Butcher Bottom Fish,Common,https://unturneditems.com/butcher-bottom-fish-
15034,Brewery Top,Common,https://unturneditems.com/brewery-top-
15035,Brewery Bottom,Common,https://unturneditems.com/brewery-bottom-
15036,Wezel,Common,https://unturneditems.com/wezel
15037,Wezel Iron Sights,Common,https://unturneditems.com/wezel-iron-sights-
15038,Wezel Magazine,Common,https://unturneditems.com/wezel-magazine
15039,Orel,Common,https://unturneditems.com/orel
15040,Orel 15 Magazine,Common,https://unturneditems.com/orel-15-magazine
15041,Cobalt,Common,https://unturneditems.com/cobalt
15042,Cobalt Iron Sights,Common,https://unturneditems.com/cobalt-iron-sights-
15043,Cobalt Magazine,Common,https://unturneditems.com/cobalt-magazine
15044,Dagger,Common,https://unturneditems.com/dagger
15045,Dagger Scope,Common,https://unturneditems.com/dagger-scope-
15046,Dagger Magazine,Common,https://unturneditems.com/dagger-magazine
15047,Orel 35 Magazine,Common,https://unturneditems.com/orel-35-magazine
15048,Hospitality,Common,https://unturneditems.com/hospitality
15049,Hospitality Scope,Common,https://unturneditems.com/hospitality-scope-
15050,Hollowcharge,Common,https://unturneditems.com/hollowcharge
15052,Hollowcharge Magazine,Common,https://unturneditems.com/hollowcharge-magazine
15053,Judgement,Common,https://unturneditems.com/judgement
15054,Judgement Scope,Common,https://unturneditems.com/judgement-scope-
15055,Judgement Magazine,Common,https://unturneditems.com/judgement-magazine
15100,Bottled 4-Leaf,Common,https://unturneditems.com/bottled-4-leaf
15101,Bottled Coffee,Common,https://unturneditems.com/bottled-coffee
23001,Vityaz (Carpat),Common,https://unturneditems.com/vityaz-carpat
23002,Vityaz Magazine (Carpat),Common,https://unturneditems.com/vityaz-magazine-carpat
23003,Vityaz Iron Sights (Carpat),Common,https://unturneditems.com/vityaz-iron-sights-carpat
23004,Wolf Leather (Carpat),Common,https://unturneditems.com/wolf-leather-carpat
23006,Monster Leather (Carpat),Common,https://unturneditems.com/monster-leather-carpat
23008,Condensed Milk (Carpat),Common,https://unturneditems.com/condensed-milk-carpat
23010,Cucumber (Carpat),Common,https://unturneditems.com/cucumber-carpat
23011,Processor (Carpat),Common,https://unturneditems.com/processor-carpat
23012,Video Card (Carpat),Common,https://unturneditems.com/video-card-carpat
23013,Flash Drive (Carpat),Common,https://unturneditems.com/flash-drive-carpat
23014,Lusod Candy (Carpat),Common,https://unturneditems.com/lusod-candy-carpat
23015,Blueberry Candy (Carpat),Common,https://unturneditems.com/blueberry-candy-carpat
23015,Bear Leather (Carpat),Common,https://unturneditems.com/bear-leather-carpat
23016,Glaz (Carpat),Common,https://unturneditems.com/glaz-carpat
23017,Glaz Magazine (Carpat),Common,https://unturneditems.com/glaz-magazine-carpat
23537,Green Dot Sight,Common,https://unturneditems.com/green-dot-sight
52000,HMG,Common,https://unturneditems.com/hmg-5
52004,White Hoodie (Blue),Common,https://unturneditems.com/white-hoodie-blue
52005,White Hoodie (Red),Common,https://unturneditems.com/white-hoodie-red
52006,White Hoodie (Green),Common,https://unturneditems.com/white-hoodie-green
52007,White Pants (Blue),Common,https://unturneditems.com/white-pants-blue
52008,White Pants (Red),Common,https://unturneditems.com/white-pants-red
52009,White Pants (Green),Common,https://unturneditems.com/white-pants-green
52010,White Hat,Common,https://unturneditems.com/white-hat
52011,White Backpack,Common,https://unturneditems.com/white-backpack
